,0,1,2,3,4,5,6,7,8,9,10,11,12,13,14,15,16,17,18,19,20,21,22,23,24,25,26,27,28,29,30,31,32,33,34,35,36,37,38,39,40,41,42,43,44,45,46,47,48,49,50,51,52,53,54,55,56,57,58,59,60,61,62,63,64,65,66,67,68,69,70,71,72,73,74,75,76,77,78,79,80,81,82,83,84,85,86,87,88,89,90,91,92,93,94,95,96,97,98,99,100,101,102
0,,Updated February  8,Updated February  8,Average Seed,Average Seed,,ESPN,CBS,131,5Star,AA,ACC,AMA,Brodd,Calm,CD,CSM,GDB,Guru,HHD,HM,INCC,JNG,MM24,MtM,RWX,Spidey,Updates,WA,WAG,Zac,BBP,Busky,Cox,CST,Delphi,DII,HBC,RFS,TSB,Venom,AHB,BF,BR-KM,BU,Dom,FOX,Hall,Hark,Jeff,Katz,Made,Novice,PS,SBN,SI,Skar,TSN,USAT,Weber,1977,4and24,Bauer,BKS,Brad,BV,Clutch,CS,F&B,Ivar,JSB,JSch,JW,Lobo,MB,Mill,Mon,NP,Oak,Pi,Prop,RM,Roto,Stad,T3,U-State,VO,WR,Benz,Busting,CPI,Elam,HHD-JT,JH,SDMN,TRR,AnB,MJ,801,Ath,Proj,S64,
1,,,,# of Brackets,# of Brackets,,2/6,2/5,2/8,2/8,2/8,2/8,2/8,2/8,2/8,2/8,2/8,2/8,2/8,2/8,2/8,2/8,2/8,2/8,2/8,2/8,2/8,2/8,2/8,2/8,2/8,2/7,2/7,2/7,2/7,2/7,2/7,2/7,2/7,2/7,2/7,2/6,2/6,2/6,2/6,2/6,2/6,2/6,2/6,2/6,2/6,2/6,2/6,2/6,2/6,2/6,2/6,2/6,2/6,2/6,2/5,2/5,2/5,2/5,2/5,2/5,2/5,2/5,2/5,2/5,2/5,2/5,2/5,2/5,2/5,2/5,2/5,2/5,2/5,2/5,2/5,2/5,2/5,2/5,2/5,2/5,2/5,2/5,2/4,2/4,2/4,2/4,2/4,2/4,2/4,2/4,2/3,2/3,2/2,2/2,2/2,2/2,
2,,,,,,,,,,,,,,,,,,,,,,,,,,,,,,,,,,,,,,,,,,,,,,,,,,,,,,,,,,,,,,,,,,,,,,,,,,,,,,,,,,,,,,,,,,,,,,,,,,,,,,,
3,1.0,Purdue,Big Ten,1.00,96,,1,1,1,1,1,1,1,1,1,1,1,1,1,1,1,1,1,1,1,1,1,1,1,1,1,1,1,1,1,1,1,1,1,1,1,1,1,1,1,1,1,1,1,1,1,1,1,1,1,1,1,1,1,1,1,1,1,1,1,1,1,1,1,1,1,1,1,1,1,1,1,1,1,1,1,1,1,1,1,1,1,1,1,1,1,1,1,1,1,1,1,1,1,1,1,1,Purdue
4,1.0,Connecticut,Big East,1.00,96,,1,1,1,1,1,1,1,1,1,1,1,1,1,1,1,1,1,1,1,1,1,1,1,1,1,1,1,1,1,1,1,1,1,1,1,1,1,1,1,1,1,1,1,1,1,1,1,1,1,1,1,1,1,1,1,1,1,1,1,1,1,1,1,1,1,1,1,1,1,1,1,1,1,1,1,1,1,1,1,1,1,1,1,1,1,1,1,1,1,1,1,1,1,1,1,1,Connecticut
5,1.0,Houston,Big 12,1.01,96,,1,1,1,1,1,1,1,1,1,1,1,1,1,1,1,1,1,1,1,1,1,1,1,1,1,1,1,1,1,1,1,1,1,1,1,1,1,1,1,1,1,1,1,1,1,1,1,1,1,1,1,1,1,1,1,1,1,1,1,1,1,1,1,1,1,1,1,1,1,1,1,1,1,1,1,1,1,1,1,1,1,1,1,2,1,1,1,1,1,1,1,1,1,1,1,1,Houston
6,1.0,North Carolina,ACC,1.34,96,,1,1,1,2,1,2,2,1,1,2,1,2,2,2,1,2,1,1,2,2,2,2,1,1,2,2,1,1,2,2,2,2,2,2,2,1,2,1,2,1,1,1,1,1,1,1,1,1,1,1,1,1,1,2,1,1,1,2,2,2,1,2,1,1,2,1,1,1,1,1,1,1,1,1,2,1,1,2,1,1,1,2,1,1,1,1,1,1,1,1,1,1,1,2,1,1,North Carolina
7,2.0,Tennessee,SEC,1.85,96,,2,2,2,2,2,1,1,2,2,2,2,2,2,1,2,1,2,2,2,2,1,1,2,2,1,1,2,2,2,2,1,2,1,2,2,2,1,2,2,2,2,2,2,2,2,2,2,2,2,2,2,2,2,1,2,2,2,1,2,2,2,2,2,2,1,2,2,2,2,2,2,2,2,2,1,2,2,2,2,2,2,1,2,2,2,2,2,2,2,3,2,3,2,2,2,2,Tennessee
8,2.0,Arizona,Pacific-12,1.86,96,,2,2,2,1,2,2,2,2,2,1,2,1,1,2,2,2,2,2,1,1,2,2,2,2,2,2,3,2,1,1,2,1,2,1,1,2,2,2,1,2,2,2,2,2,3,2,3,2,2,2,2,2,2,2,2,2,2,2,1,1,2,2,2,2,2,2,2,2,2,2,2,2,2,2,2,2,2,1,2,2,2,2,2,2,2,2,2,2,2,2,2,2,2,1,2,2,Arizona
9,2.0,Marquette,Big East,2.13,96,,2,2,2,2,2,2,2,2,2,2,2,2,2,2,2,3,2,2,2,2,2,2,2,2,2,2,2,2,3,2,3,2,2,2,2,2,2,2,2,2,2,2,2,2,2,2,2,2,3,3,2,2,2,2,2,2,2,2,2,2,2,2,2,2,3,2,2,2,2,2,2,2,2,2,2,2,3,3,2,3,2,3,2,2,2,2,3,2,2,2,3,2,2,2,2,2,Marquette
10,2.0,Kansas,Big 12,2.18,96,,2,2,2,2,2,2,2,2,2,2,2,2,2,2,3,3,2,2,2,2,2,2,2,2,2,2,2,3,2,2,3,2,2,2,3,2,2,2,2,3,2,2,2,3,2,2,2,2,2,2,2,3,2,3,3,2,2,2,2,2,2,1,2,2,2,2,3,2,2,2,2,2,2,2,2,2,2,2,2,2,2,2,3,1,3,3,2,2,3,2,2,2,3,3,3,3,Kansas
11,3.0,Wisconsin,Big Ten,2.78,96,,3,3,3,3,3,3,3,3,3,3,3,3,4,3,4,4,3,4,4,3,4,3,3,3,3,3,2,2,2,3,4,3,3,3,2,3,3,3,3,2,3,3,3,2,2,3,2,3,2,2,3,2,3,2,2,3,3,3,3,3,3,3,3,3,3,3,2,3,3,3,3,3,3,3,3,3,2,2,3,2,3,3,3,3,2,2,2,3,2,2,2,2,2,2,2,2,Wisconsin
12,3.0,Baylor,Big 12,3.18,96,,4,4,3,3,3,3,3,3,3,3,4,3,3,3,3,4,3,3,3,3,3,3,3,4,3,3,3,3,4,3,4,3,3,3,3,3,3,3,3,3,3,3,3,3,3,3,3,3,4,3,3,3,4,3,3,3,3,3,3,3,3,3,3,3,3,3,3,3,3,4,3,3,4,3,3,3,3,3,3,3,3,3,2,4,3,3,4,3,4,3,3,4,4,4,4,3,Baylor
13,3.0,Alabama,SEC,3.20,96,,3,3,4,4,3,3,4,4,3,3,4,4,3,4,5,2,3,3,5,5,3,4,3,3,3,3,3,3,3,3,2,3,3,3,3,3,3,3,3,3,3,3,3,3,3,3,4,3,3,3,3,3,3,3,3,3,3,3,3,3,3,3,4,3,2,4,3,3,3,4,3,3,3,3,4,3,3,4,3,3,3,2,3,3,3,4,3,3,3,3,3,4,3,3,3,4,Alabama
14,3.0,Iowa State,Big 12,3.60,96,,4,4,3,4,4,3,3,3,3,3,3,3,3,3,3,3,3,3,3,3,4,3,4,3,3,3,4,4,3,4,3,3,4,3,4,4,4,4,4,3,4,4,4,3,4,3,3,3,4,4,4,3,3,4,3,4,3,4,4,3,4,4,3,4,4,5,5,4,3,5,3,4,5,3,4,5,4,5,3,5,4,5,3,4,5,4,3,4,3,4,3,3,3,3,4,3,Iowa State
15,4.0,Illinois,Big Ten,3.80,96,,3,3,4,3,4,4,4,3,4,4,3,4,4,4,5,3,4,4,4,4,4,4,4,4,4,4,4,3,3,4,4,4,4,4,4,3,4,4,3,4,3,4,3,4,3,4,3,4,3,3,4,5,3,4,4,3,4,3,3,4,4,3,4,4,3,5,4,4,4,3,4,3,3,4,4,4,4,3,4,4,4,4,4,5,6,5,4,4,4,4,4,3,4,4,4,5,Illinois
16,4.0,Duke,ACC,4.02,96,,3,4,4,4,4,4,5,5,4,4,4,4,4,3,5,4,4,3,4,3,5,4,4,3,4,4,4,4,4,4,3,5,4,5,3,4,5,4,4,4,4,4,4,4,4,4,5,4,5,4,5,4,4,5,4,4,4,5,4,4,3,5,4,5,5,4,4,3,4,3,4,5,5,4,3,4,3,4,4,5,4,4,4,3,4,3,4,4,5,4,4,3,4,4,3,3,Duke
17,4.0,Auburn,SEC,4.10,96,,4,5,3,4,3,4,3,4,4,4,3,3,3,4,3,2,4,4,3,4,3,3,4,5,4,5,3,5,4,3,2,4,3,4,5,5,4,5,5,4,4,4,5,5,4,4,6,4,3,4,3,5,5,5,5,4,4,4,4,4,4,4,4,4,4,4,3,5,5,3,5,4,4,4,5,4,4,3,5,4,3,3,4,4,4,4,5,5,4,7,5,7,5,5,5,5,Auburn
18,4.0,Dayton,Atlantic 10,4.22,96,,4,5,4,5,4,4,4,4,4,5,5,4,4,4,2,6,4,5,4,4,3,4,5,5,4,4,5,4,5,4,7,4,4,4,4,4,3,3,5,4,5,3,4,4,5,5,4,6,4,4,4,4,6,4,4,5,4,4,4,5,5,4,3,3,4,3,5,4,4,4,4,4,4,4,3,3,4,4,4,4,5,4,5,5,4,5,4,3,4,4,4,4,5,4,4,6,Dayton
19,5.0,Creighton,Big East,4.36,96,,5,4,5,5,5,5,5,4,5,4,4,5,5,5,8,5,5,5,6,5,5,5,3,4,6,4,4,4,4,5,4,4,5,4,5,4,4,4,4,5,4,5,4,4,4,5,4,5,4,5,5,4,5,3,4,4,5,5,5,4,5,4,5,5,4,4,4,4,4,4,4,4,3,5,5,5,5,5,4,4,5,5,4,3,3,3,3,4,3,3,4,4,3,3,3,4,Creighton
20,5.0,San Diego State,Mountain West,5.15,96,,5,5,5,5,5,6,4,5,5,5,5,5,6,6,4,5,6,6,5,5,4,5,5,5,5,5,5,5,5,5,5,5,5,5,5,5,5,5,5,5,6,5,5,5,6,5,6,5,5,6,5,5,5,5,5,5,6,5,5,5,6,5,5,5,5,5,5,5,5,5,6,5,5,5,4,5,5,4,5,5,5,4,5,6,4,5,6,5,5,5,7,6,6,6,6,6,San Diego State
21,5.0,BYU,Big 12,5.24,96,,6,7,6,6,6,5,5,5,5,5,5,6,5,7,6,4,5,5,6,7,5,5,5,6,6,6,5,5,6,7,5,6,5,5,6,5,6,5,5,5,5,5,5,5,6,5,5,4,6,5,4,4,4,4,5,5,5,4,5,5,5,5,6,6,5,6,4,5,5,5,5,5,4,5,6,6,5,6,5,6,4,5,5,5,5,5,5,6,5,5,5,6,5,5,6,4,BYU
22,5.0,South Carolina,SEC,5.46,96,,6,3,5,3,7,5,6,6,5,5,5,5,5,5,4,6,5,5,3,4,6,5,5,5,5,5,8,5,5,5,7,5,5,6,5,5,6,5,4,5,5,5,5,6,5,4,5,5,7,5,6,5,7,6,7,6,5,7,6,5,7,5,5,4,5,3,6,5,5,7,6,6,6,5,7,4,8,6,5,3,7,5,7,4,7,8,7,5,6,5,5,5,7,6,8,7,South Carolina
23,6.0,Kentucky,SEC,5.78,96,,5,6,5,6,5,6,7,5,6,6,6,5,5,5,9,6,6,4,6,6,6,6,6,4,9,6,5,6,5,6,5,6,7,5,4,7,7,6,6,6,6,6,6,6,6,6,4,6,6,6,6,6,6,5,5,6,6,5,6,6,4,6,6,7,6,9,5,6,7,5,5,5,7,6,6,6,5,5,6,6,5,8,6,5,9,4,5,6,5,7,6,5,4,5,5,4,Kentucky
24,6.0,Florida Atlantic,American,6.06,96,,5,6,6,6,6,6,6,7,7,6,6,6,6,6,10,7,5,6,5,6,5,6,7,8,6,5,6,6,7,5,7,6,6,6,6,6,5,6,6,6,5,6,6,7,5,6,8,5,6,5,5,6,7,6,7,6,5,6,5,6,5,6,5,5,6,6,6,6,6,6,6,6,5,6,7,5,7,5,6,5,8,6,9,7,8,6,6,5,6,6,6,5,6,6,6,8,Florida Atlantic
25,6.0,Utah State,Mountain West,6.25,95,,6,5,7,7,8,8,8,6,7,6,8,7,7,6,7,,7,6,6,6,6,6,7,6,9,7,7,8,8,7,10,8,6,6,7,6,5,6,8,6,6,6,6,5,5,6,5,6,5,7,6,6,5,6,6,5,6,6,7,6,6,6,7,6,6,5,6,6,6,6,5,6,6,6,6,6,6,6,6,6,6,6,6,7,5,6,6,6,6,6,5,5,6,5,5,6,Utah State
26,6.0,Oklahoma,Big 12,6.67,96,,6,8,6,6,5,5,5,7,6,7,6,6,7,6,6,5,6,7,7,6,6,7,6,6,5,6,8,6,6,6,6,5,6,7,7,7,9,6,7,7,7,7,6,8,7,8,8,8,7,7,7,7,7,7,6,7,7,6,6,7,7,7,8,7,7,7,6,8,6,7,7,6,7,7,7,7,6,8,7,7,7,8,6,8,7,6,6,7,7,7,7,6,7,7,5,7,Oklahoma
27,7.0,Colorado State,Mountain West,6.78,96,,7,6,6,5,8,7,6,6,7,7,7,7,6,7,4,10,7,6,7,7,7,7,6,7,6,7,6,6,7,6,6,6,7,6,6,8,8,7,7,7,6,7,7,7,9,7,6,6,6,6,8,8,9,6,7,7,7,6,7,6,6,8,6,8,7,6,7,7,6,6,7,7,6,7,5,8,6,7,7,6,7,8,8,6,6,7,7,6,7,5,8,8,8,7,7,9,Colorado State
28,7.0,Texas Tech,Big 12,6.85,95,,7,7,7,11,8,7,7,6,6,7,6,7,7,7,8,7,7,7,5,8,7,6,6,7,8,8,,8,6,9,9,7,7,7,7,6,7,7,6,6,8,6,7,6,6,6,7,7,7,6,7,6,6,7,6,6,6,8,7,7,6,7,7,6,8,8,9,6,7,9,6,7,8,6,5,6,7,9,6,8,6,7,5,7,10,6,5,8,6,6,6,6,5,7,7,5,Texas Tech
29,7.0,Clemson,ACC,7.26,96,,8,6,7,7,7,6,6,7,6,6,7,6,6,5,5,7,6,7,7,5,7,7,7,7,5,6,7,7,6,6,7,7,6,7,6,8,7,8,9,8,7,8,8,10,9,7,7,9,9,9,7,7,11,7,6,8,8,8,7,7,8,8,8,10,7,9,7,8,9,6,7,7,6,8,6,8,6,7,8,8,9,11,8,9,10,7,7,7,7,6,7,7,6,7,7,7,Clemson
30,7.0,TCU,Big 12,7.76,96,,10,9,8,9,7,7,7,7,8,7,8,8,7,7,7,5,8,9,8,9,8,8,8,6,7,9,8,7,7,9,8,7,8,8,8,7,8,8,7,8,9,8,9,10,8,7,6,8,8,7,8,10,9,7,7,8,8,8,8,9,8,8,6,7,8,9,8,7,11,7,7,7,8,7,9,7,8,9,8,10,6,9,6,6,11,8,7,10,8,7,6,7,7,6,6,5,TCU
31,8.0,Utah,Pacific-12,7.77,96,,8,8,7,7,9,7,8,8,7,8,7,8,8,9,6,9,7,8,8,7,8,8,7,8,7,7,9,7,7,8,8,8,8,8,8,9,8,7,9,7,10,7,7,6,10,8,10,8,7,8,8,7,10,8,8,7,7,7,6,8,9,8,7,7,7,8,8,8,7,8,8,8,9,7,7,9,7,6,8,9,6,9,7,6,6,7,8,7,7,8,10,9,9,9,8,8,Utah
32,8.0,New Mexico,Mountain West,7.93,96,,8,11,8,10,7,8,9,8,8,8,7,8,8,8,10,8,8,8,8,8,7,8,8,9,9,7,6,7,8,7,5,7,7,8,7,7,8,8,8,8,9,9,8,8,7,9,8,7,9,8,6,8,6,8,8,7,9,7,9,10,7,7,9,8,6,6,7,8,7,9,8,8,9,9,12,8,7,8,7,7,8,10,7,7,8,7,8,10,10,9,8,7,7,10,7,6,New Mexico
33,8.0,St. Mary's (CA),West Coast,8.25,95,,8,9,8,8,6,8,7,8,9,11,8,7,9,8,9,,8,9,9,9,8,9,8,11,7,8,6,8,8,7,8,8,8,9,8,8,7,8,8,9,7,8,9,7,8,8,11,7,5,7,9,8,4,9,10,9,8,8,8,8,7,7,8,9,10,7,10,9,10,8,9,10,7,8,8,7,11,7,9,9,8,6,7,9,5,10,10,7,9,11,11,9,9,9,10,7,St. Mary's (CA)
34,8.0,Boise State,Mountain West,8.49,95,,9,7,8,7,10,9,9,9,9,8,8,9,8,8,7,,8,7,8,7,9,8,9,8,9,9,9,9,8,8,12,8,9,8,10,8,6,7,7,8,9,8,8,7,10,8,10,8,8,8,9,7,9,8,10,8,8,9,8,8,10,9,8,11,9,7,11,7,8,10,8,10,9,8,8,8,10,7,8,8,9,6,9,8,7,10,10,8,8,8,9,10,10,11,8,10,Boise State
35,9.0,Texas,Big 12,8.53,95,,7,8,9,9,8,9,8,9,8,9,9,8,8,8,10,7,9,10,10,8,10,7,9,10,8,10,7,8,10,9,9,9,9,7,9,6,6,9,6,7,7,7,7,9,7,7,8,10,8,8,7,8,8,10,11,10,7,9,9,7,9,6,7,8,8,8,8,7,8,11,9,10,10,8,10,7,10,9,7,7,7,9,10,10,8,10,10,9,8,10,11,,10,10,11,10,Texas
36,9.0,Northwestern,Big Ten,9.10,93,,9,11,9,8,11,8,9,8,8,9,9,9,9,9,7,8,9,8,9,8,9,10,8,10,7,11,10,9,9,10,11,9,10,9,8,9,,11,8,10,8,10,9,8,7,9,7,10,9,10,11,9,10,9,8,9,10,11,10,9,10,9,10,9,9,10,7,11,9,10,8,9,,9,11,10,9,9,10,9,11,11,8,10,,9,9,9,8,8,7,8,8,8,10,8,Northwestern
37,9.0,Michigan State,Big Ten,9.17,93,,7,11,9,11,9,9,,10,9,11,9,11,10,12,9,6,9,9,,12,10,9,9,11,,11,7,10,10,10,6,9,8,10,9,10,9,9,10,9,10,9,8,8,8,10,9,9,8,9,9,11,8,8,9,8,9,7,8,8,8,9,10,9,8,11,8,12,8,8,10,8,7,9,12,11,9,10,9,11,8,7,9,11,6,9,8,8,10,11,9,10,10,10,9,9,Michigan State
38,9.0,Nebraska,Big Ten,9.62,94,,9,10,10,9,,10,10,9,10,9,11,11,10,11,,11,12,8,11,9,11,9,10,9,11,10,11,9,9,10,11,10,9,9,9,9,12,9,10,9,11,9,10,9,8,10,7,9,10,9,10,10,11,10,10,9,9,10,10,9,11,10,9,8,10,8,9,10,8,10,10,10,10,9,10,11,9,10,9,9,12,10,9,8,10,10,11,10,9,8,8,9,9,8,9,8,Nebraska
39,10.0,Mississippi,SEC,9.67,91,,9,8,9,10,11,11,12,10,10,8,9,,11,11,12,9,12,10,7,10,10,11,10,8,10,11,,11,9,11,,11,9,,9,11,11,10,11,10,8,11,11,9,9,11,9,7,11,11,8,12,9,10,8,9,11,10,11,11,8,10,12,6,10,12,9,11,10,7,9,9,8,10,8,9,9,11,11,8,11,7,11,9,,9,9,8,9,9,8,8,8,8,10,11,Mississippi
40,10.0,Texas A&M,SEC,10.12,94,,10,12,10,9,12,10,11,10,11,9,10,10,9,10,12,8,11,10,12,11,11,10,9,10,10,,10,11,9,11,12,11,11,12,10,12,10,9,9,11,11,10,10,11,10,10,11,11,9,9,12,9,8,10,11,11,11,9,9,10,9,11,9,11,11,,10,10,9,8,11,9,11,10,9,10,8,8,11,11,11,11,10,8,8,9,10,9,11,9,10,10,11,11,11,9,Texas A&M
41,10.0,Indiana State,Missouri Valley,10.13,95,,11,10,10,11,6,10,8,12,9,12,11,9,10,10,6,11,10,11,10,11,8,9,12,12,8,8,12,10,11,8,11,9,10,10,11,9,10,10,11,9,8,10,9,10,9,10,12,9,10,11,9,10,7,12,12,10,9,11,12,11,10,12,10,9,12,7,11,9,10,12,11,11,9,10,8,9,12,12,9,10,11,7,10,11,,11,12,11,11,12,11,11,12,12,9,11,Indiana State
42,10.0,Mississippi State,SEC,10.24,91,,10,10,11,8,10,10,10,10,10,10,11,12,11,10,11,9,11,9,10,10,10,11,11,11,10,11,8,11,10,11,9,12,10,11,11,11,,12,10,11,10,12,12,12,11,11,11,10,10,10,11,,8,9,9,10,12,10,9,10,10,9,11,12,11,11,10,12,11,9,10,9,11,10,10,,10,8,11,12,,,8,9,11,8,9,11,10,10,9,9,10,8,11,11,Mississippi State
43,11.0,Butler,Big East,10.28,83,,11,7,11,10,12,11,10,11,11,10,10,10,11,9,9,9,9,11,9,10,12,10,11,9,12,12,11,10,10,10,,12,11,10,11,10,10,10,9,11,12,9,10,11,11,9,9,,11,10,11,9,11,9,,11,10,,11,9,,10,9,11,11,9,,9,9,,10,11,11,11,11,9,11,10,10,11,11,9,,11,9,,,9,12,11,11,11,,11,,,Butler
44,11.0,St. John's,Big East,10.28,72,,,10,11,11,11,,12,9,11,,11,,,11,12,10,11,11,,,12,12,10,9,,,9,11,11,,11,11,11,10,10,,12,12,,,11,,12,11,11,,10,12,10,,12,11,11,11,9,10,,9,10,,9,,12,11,11,11,9,,11,9,9,8,8,11,9,,8,10,11,,,,11,10,9,8,9,11,10,9,10,8,8,9,9,10,St. John's
45,11.0,Virginia,ACC,10.29,82,,10,11,10,10,9,9,9,11,11,10,10,9,9,9,8,10,10,10,9,9,9,11,11,11,10,8,9,10,11,8,10,10,11,9,10,10,9,11,11,10,10,11,10,11,11,9,12,10,11,11,10,11,10,,,11,11,12,11,11,12,11,11,10,9,11,,9,11,,12,,12,11,11,10,11,11,10,10,9,10,,12,,,11,11,12,,,,,,,12,Virginia
46,11.0,Washington State,Pacific-12,10.46,83,,11,9,11,8,10,11,10,11,10,11,12,11,11,11,8,11,11,,11,10,11,,11,11,8,9,10,9,11,9,,11,10,11,,10,9,11,11,11,12,10,11,10,11,11,,11,11,11,11,9,,11,12,,10,11,11,11,,10,10,10,10,10,,10,12,11,11,11,10,11,9,11,11,11,11,7,10,10,12,11,7,,11,11,,11,11,11,11,,11,,Washington State
47,11.0,Florida,SEC,10.49,77,,11,9,11,12,9,11,11,11,11,11,,10,10,10,11,8,10,11,11,11,9,,,7,11,9,11,,11,11,8,10,11,11,11,11,11,10,,10,,11,11,,10,,,12,11,11,10,12,,11,10,11,10,10,,,11,11,12,12,9,10,,11,10,11,11,11,12,,,11,11,,10,10,10,8,11,11,11,12,11,,9,12,9,,9,11,10,,Florida
48,12.0,Seton Hall,Big East,10.99,67,,11,,12,12,,,,11,,10,,12,12,11,,,,11,11,12,,11,11,10,12,,,,,11,,,,,11,12,10,11,10,,11,12,11,12,12,11,10,11,,10,,11,,11,11,12,11,12,,10,11,11,11,,,12,12,11,,11,11,11,11,11,11,11,10,11,,12,,12,10,10,,11,11,10,11,10,10,10,11,10,11,9,Seton Hall
49,12.0,Cincinnati,Big 12,11.13,63,,,,12,,10,,11,11,12,,10,11,12,,,11,12,,11,12,12,12,,,12,12,10,,,11,10,10,12,11,12,11,11,11,11,11,12,11,11,9,,11,9,11,,,10,12,10,11,,11,11,,,11,,11,12,12,11,10,,11,12,11,,12,,11,,11,,11,,12,10,11,12,,11,,11,12,11,12,,,,,,,Cincinnati
50,12.0,Grand Canyon,WAC,11.49,96,,11,12,12,12,12,12,11,12,12,12,12,10,11,12,11,12,10,12,12,11,11,10,12,12,11,10,12,12,12,12,12,12,12,12,12,11,11,12,12,11,9,11,12,12,12,11,11,12,11,11,12,10,11,12,12,12,12,12,12,11,11,12,11,10,12,12,11,10,11,12,12,12,12,12,10,10,12,12,11,11,12,12,11,12,12,11,12,12,12,11,12,11,11,12,12,12,Grand Canyon
51,12.0,Appalachian State,Sun Belt,12.32,75,,12,12,12,13,13,,,12,,12,13,12,13,12,,,13,13,12,13,13,,12,12,,13,12,12,12,13,,12,,13,12,13,12,12,12,12,12,12,13,12,13,12,12,12,12,12,13,12,13,12,,12,12,12,12,12,13,,12,13,,12,13,12,13,12,12,,12,12,12,12,,13,12,,12,,,,,12,12,,13,,12,12,13,12,13,12,Appalachian State
52,12.0,McNeese State,Southland,12.42,96,,13,13,12,12,12,12,13,13,13,13,12,12,12,12,12,13,12,12,12,12,12,12,12,12,13,12,12,13,12,12,14,12,13,12,12,12,12,12,12,12,12,12,12,12,13,13,13,13,14,12,12,12,12,13,12,12,12,13,13,13,12,13,12,12,13,12,13,12,12,13,12,13,12,13,12,12,13,12,13,13,13,13,14,12,13,12,13,13,12,13,12,12,12,13,12,12,McNeese State
53,13.0,Cornell,Ivy,12.74,54,,13,13,13,13,13,13,,12,,,,13,,13,,,12,12,,12,,13,13,13,,12,13,,12,13,,,,,,13,13,13,13,,13,,,13,,12,12,13,13,,,13,13,12,,13,13,14,,13,12,,13,,12,13,12,13,12,,13,,13,12,13,,,13,13,,12,,,,,,,,,,13,13,,,13,13,Cornell
54,13.0,UC Irvine,Big West,12.80,96,,12,13,13,12,13,12,13,13,13,13,12,13,13,13,13,12,13,13,13,13,13,12,13,13,14,13,13,13,13,12,13,13,13,13,13,12,13,14,13,13,13,13,13,13,13,12,13,12,12,12,13,13,12,13,13,13,13,12,13,12,13,13,13,13,13,13,12,12,13,12,13,13,13,13,13,13,13,13,12,13,13,13,12,13,13,13,13,13,13,13,13,13,13,13,12,13,UC Irvine
55,13.0,Samford,Southern,12.98,96,,12,12,13,14,12,13,13,14,13,13,13,14,14,13,13,13,13,13,13,13,12,12,13,13,13,12,13,13,13,13,13,13,13,12,13,13,13,13,13,13,13,13,12,13,12,13,14,13,13,14,13,13,13,13,13,13,13,13,13,13,14,13,13,13,13,13,12,13,14,13,13,13,13,13,13,13,13,13,13,13,13,13,13,13,13,13,13,13,13,13,13,13,13,13,13,13,Samford
56,13.0,Louisiana Tech,CUSA,13.42,92,,13,14,14,13,14,,14,13,14,14,13,13,13,14,14,13,14,14,13,14,14,,13,14,15,13,14,13,14,12,13,13,14,13,13,12,13,14,14,14,14,13,13,13,13,13,13,13,12,13,13,14,12,14,14,13,13,13,14,14,14,13,14,13,14,14,13,13,13,13,13,14,14,14,13,13,,12,14,13,13,14,14,15,13,15,14,13,14,12,14,13,14,13,13,,Louisiana Tech
57,14.0,Akron,MAC,13.43,95,,13,13,13,13,13,13,13,13,13,13,13,13,14,13,14,14,13,13,14,13,13,13,14,13,13,14,13,14,14,13,13,14,13,14,14,14,14,13,13,13,13,14,14,14,14,14,13,14,13,13,14,13,13,13,13,14,14,13,13,13,13,14,13,14,13,13,14,14,13,14,14,13,13,13,14,14,,14,13,14,14,14,14,13,14,13,13,14,13,14,13,14,13,14,14,13,Akron
58,14.0,Vermont,America East,14.06,95,,14,15,14,14,14,13,14,14,14,14,14,14,14,14,14,14,14,14,14,14,14,13,14,14,14,14,14,14,15,14,14,15,14,14,14,14,14,13,14,14,15,14,14,14,14,14,14,14,14,14,14,14,14,14,14,14,14,14,14,14,14,14,14,14,15,14,14,14,14,14,14,14,15,14,14,14,,15,14,14,14,14,15,14,14,14,14,14,14,14,15,14,14,14,14,14,Vermont
59,14.0,Morehead State,Ohio Valley,14.29,96,,14,14,14,14,14,14,14,14,14,14,14,14,15,15,14,15,14,14,14,15,14,14,15,15,14,14,14,14,14,14,15,14,14,15,14,14,14,14,15,14,14,14,14,14,15,15,14,14,14,14,14,14,14,14,14,14,14,14,15,15,15,14,14,14,15,14,14,14,14,15,14,15,14,15,15,15,15,14,14,14,14,15,15,16,15,14,14,15,14,14,14,14,15,14,14,14,Morehead State
60,14.0,High Point,Big South,14.41,95,,14,14,14,15,15,14,15,15,15,15,15,15,15,14,15,15,15,15,14,14,14,14,15,15,14,14,15,14,14,15,14,14,14,14,15,14,14,14,14,14,14,15,14,15,14,14,15,14,14,14,15,14,14,15,15,14,14,15,14,14,13,14,14,14,14,14,15,14,15,15,14,14,14,14,15,14,,14,14,14,15,15,16,14,15,15,15,14,15,15,14,14,15,15,14,14,High Point
61,15.0,Drexel,Coastal,14.45,75,,15,14,15,14,,14,,15,,,14,14,13,15,,,,14,15,15,15,14,,14,,15,14,15,,15,,15,15,,,15,15,15,14,15,14,14,15,14,15,14,14,15,15,15,,15,15,14,14,15,15,14,14,14,14,15,15,,,15,15,15,14,14,15,14,14,14,14,14,14,14,15,15,,,15,13,,14,14,14,14,14,14,15,,14,15,,Drexel
62,15.0,Eastern Washington,Big Sky,14.83,94,,15,15,15,15,15,14,15,14,14,15,15,15,14,14,,14,15,15,15,14,15,14,14,14,15,15,15,15,15,15,15,14,15,15,15,15,15,16,15,15,16,15,15,15,15,15,15,15,15,15,15,15,15,15,15,15,15,15,15,15,15,15,15,15,14,15,14,15,15,14,15,15,15,15,14,15,,15,15,15,15,15,16,14,14,14,15,15,15,15,15,15,14,15,15,15,Eastern Washington
63,15.0,Oakland,Horizon,15.04,57,,15,15,,15,15,15,,15,15,15,15,,15,15,,,15,15,,16,15,,15,15,15,15,15,15,,14,,15,,,,,16,15,15,15,15,15,15,15,14,15,,15,15,15,15,15,,,,15,15,,15,,15,,15,15,15,15,15,15,15,,16,,15,,,15,15,16,,,,14,,,,,16,,,,,,,,15,,Oakland
64,15.0,Colgate,Patriot,15.19,96,,15,15,15,15,16,15,16,15,15,15,15,15,15,15,16,15,16,15,16,15,16,15,15,16,16,15,15,16,15,15,15,15,16,15,16,15,15,15,16,15,15,15,15,15,16,15,15,15,15,15,15,15,15,15,15,15,16,15,15,15,15,15,15,16,15,16,15,15,15,15,15,15,15,15,15,15,15,15,15,15,15,15,13,16,15,16,15,15,15,16,15,16,15,15,15,15,Colgate
65,16.0,Quinnipiac,Metro Atlantic,15.52,94,,16,16,15,16,15,15,15,16,16,16,16,15,16,16,15,16,15,16,15,15,15,15,16,15,15,16,16,15,16,16,16,16,15,15,15,15,15,15,15,16,15,16,16,16,15,16,16,16,16,16,16,16,15,15,15,16,15,15,16,15,16,16,16,15,16,15,16,16,16,16,15,16,16,15,15,16,16,16,15,16,16,16,13,15,16,15,15,16,15,,16,15,,15,16,15,Quinnipiac
66,16.0,South Dakota State,Summit,15.92,71,,16,16,16,16,16,16,,16,,16,16,16,16,16,,,16,16,16,16,16,16,16,16,16,16,16,,,,16,16,16,16,16,16,,,16,16,,16,16,,16,16,16,16,16,16,16,,16,16,16,,,,,,,16,,16,16,,16,16,,15,16,16,16,,16,16,,15,16,16,16,16,14,15,16,16,16,16,16,,15,16,16,16,,16,South Dakota State
67,16.0,Eastern Kentucky,Atlantic Sun,16.00,78,,16,16,16,16,16,16,16,16,,16,16,16,16,16,,,,16,16,16,16,16,16,16,,16,16,16,16,16,,16,,16,16,16,16,16,16,16,16,16,16,16,16,16,16,16,16,16,,16,16,16,,16,16,16,16,16,16,,16,16,16,16,16,16,16,16,16,16,16,16,16,16,,16,16,,16,,,,,16,16,,16,,16,16,16,16,16,16,Eastern Kentucky
68,16.0,Norfolk State,Mid-Eastern,16.00,78,,,16,16,16,16,,16,16,16,16,16,16,,16,16,16,16,16,16,16,16,,16,16,16,16,16,16,,16,16,16,16,16,16,16,16,16,16,,16,,16,16,16,16,,16,,,16,16,,16,16,16,16,16,16,16,16,16,16,16,16,16,,16,,16,16,16,16,16,,,16,16,,16,16,16,16,16,16,16,16,16,16,16,16,16,16,,16,,Norfolk State
69,16.0,Southern,SWAC,16.00,77,,,16,16,16,16,16,16,16,16,16,16,16,,16,16,16,16,,16,16,16,,16,16,16,16,16,16,16,16,16,16,16,16,16,16,16,16,,,16,,16,16,16,16,,16,,,16,16,,16,16,16,16,16,16,16,16,16,16,16,,16,16,16,,,16,16,16,16,,,16,16,,16,16,16,16,16,16,16,16,16,,16,16,16,16,,16,16,Southern
70,16.0,Central Connecticut State,Northeast,16.00,51,,,,,,16,16,,16,,16,,16,,,16,,,16,16,,,16,,16,,16,16,16,16,16,,,,,16,16,16,,16,,16,,,16,16,16,,,16,,,16,,16,,,16,16,16,,16,,16,16,16,16,16,,,16,16,16,16,16,,16,,16,16,,,,16,,,16,,,16,,16,16,,16,16,16,Central Connecticut State
71,,OTHER AT-LARGES,OTHER AT-LARGES,,,,ESPN,CBS,131,5Star,AA,ACC,AMA,Brodd,Calm,CD,CSM,GDB,Guru,HHD,HM,INCC,JNG,MM24,MtM,RWX,Spidey,Updates,WA,WAG,Zac,BBP,Busky,Cox,CST,Delphi,DII,HBC,RFS,TSB,Venom,AHB,BF,BR-KM,BU,Dom,FOX,Hall,Hark,Jeff,Katz,Made,Novice,PS,SBN,SI,Skar,TSN,USAT,Weber,1977,4and24,Bauer,BKS,Brad,BV,Clutch,CS,F&B,Ivar,JSB,JSch,JW,Lobo,MB,Mill,Mon,NP,Oak,Pi,Prop,RM,Roto,Stad,T3,U-State,VO,WR,Benz,Busting,CPI,Elam,HHD-JT,JH,SDMN,TRR,AnB,MJ,801,Ath,Proj,S64,
72,,Providence,Big East,11.29,42,,,,,11,,11,12,,12,,12,12,,,12,11,12,11,12,12,,11,10,11,12,,,,,,,,,,12,,11,,11,,12,,,11,11,,11,,,,,12,11,,12,,12,,11,,12,,,12,,,10,,,,12,,,,,,,,,,,,11,12,10,11,,,,10,,11,11,9,11,11,Providence
73,,Colorado,Pacific-12,10.81,32,,,11,,,,11,,,,,,,,,11,11,,,,,,,11,,,,11,12,,,9,,12,,,,,,,,,,,,,,,,,,11,,,11,11,12,,,10,,12,11,,,11,,11,,,11,,12,10,,,,,,,,9,11,11,,9,,,,11,,11,11,12,11,8,10,Colorado
74,,Richmond,Atlantic 10,11.91,22,,12,,,,,,,,,,,,,,,,,,,,,,,,,,,,11,,,,,,,13,12,,12,12,,12,,,,12,,,12,12,,,12,,,,,,,12,,,,,,,11,,12,,,,,,12,12,,,12,,,,,,,12,,,,,12,12,,,12,11,Richmond
75,,Nevada,Mountain West,11.21,14,,,12,,,,,,,,11,11,12,,12,10,,,,10,,,,,,11,11,12,11,,,11,11,,12,,,,,,,,,,,,,,,,,,,,,,,,,,,,,,,,,,,,,,,,,,,,,,,,,,,,,,,,,,,,,,,Nevada
76,,Memphis,American,10.92,12,,,,,,,,,,,,,,,,,,,,,,,,,,,,,,,,,,,,,,,,,,,,,,,,,,,,,,,,9,,,11,,,12,,,,,,12,,,10,,,11,,11,,,11,,12,,,,,,12,8,12,,,,,,,,,Memphis
77,,Gonzaga,West Coast,10.80,10,,,,,,11,,12,,,,,,,,,12,,,,,,,,,,,11,,,,6,,,,,,,,,,,,,,,,,,,,,,,,,,,11,,,,,,,,,,,,,,,,,,,,,,,10,12,,,11,,,,,,,,,,,12,Gonzaga
78,,Wake Forest,ACC,11.00,9,,,,,,11,,,,,11,,,,,,10,,,,,12,,,,,10,,12,,,10,,,,,,,,,,,,,,,,,11,,,,,,,,,,,,,,,,,,,,,,,,,,,,,,,,,12,,,,,,,,,,,,,,,,Wake Forest
79,,Villanova,Big East,11.25,4,,,,,,,,,,,,,,,,,,,,,,,,,,,,,,,,,,,,,,,,,,,,,,,,,,,,,,,,,,,,,,,,,,,11,,,,,,,,,,,11,,,,,,,,,12,,,,,,,,11,,,Villanova
80,,Kansas State,Big 12,11.67,3,,,,,,,,,,,,,,,,,,,,,,,,,,,,,,,,,,,11,,,,,,,,,,,,,12,,,,,,,,,,,,,,,,,,,,,,,,,,,,,,,,,,,,,,,,,,,,,,12,,,,Kansas State
81,,Oregon,Pacific-12,11.00,1,,,,,,,,,,,,,,,,,,,,,,,,,,,,,,,,,,,,,,,,,,,,,,,,,,,,,,,,,,,,11,,,,,,,,,,,,,,,,,,,,,,,,,,,,,,,,,,,,,,Oregon
82,,Xavier,Big East,11.00,1,,,,,,,,,,,,,,,,,,,,,,,,,,,,,,,,,,,,,,,,,,,,,,,,,,,,,,,,,,,,,,,,,,,,,,,,,,,,,,,,,,,,,,11,,,,,,,,,,,,Xavier
83,,Drake,Missouri Valley,12.00,1,,,,,,,,,,,,,,,,,,,,,,,,,,,,,,,,,,,,,,,,,,,,,,,,,,,,,,,,,,,,,,,,,,,,,,,,,,,,,,,,,,,,,,12,,,,,,,,,,,,Drake
84,,OTHER AUTOMATIC QUALIFIERS,OTHER AUTOMATIC QUALIFIERS,,,,ESPN,CBS,131,5Star,AA,ACC,AMA,Brodd,Calm,CD,CSM,GDB,Guru,HHD,HM,INCC,JNG,MM24,MtM,RWX,Spidey,Updates,WA,WAG,Zac,BBP,Busky,Cox,CST,Delphi,DII,HBC,RFS,TSB,Venom,AHB,BF,BR-KM,BU,Dom,FOX,Hall,Hark,Jeff,Katz,Made,Novice,PS,SBN,SI,Skar,TSN,USAT,Weber,1977,4and24,Bauer,BKS,Brad,BV,Clutch,CS,F&B,Ivar,JSB,JSch,JW,Lobo,MB,Mill,Mon,NP,Oak,Pi,Prop,RM,Roto,Stad,T3,U-State,VO,WR,Benz,Busting,CPI,Elam,HHD-JT,JH,SDMN,TRR,AnB,MJ,801,Ath,Proj,S64,
85,,Princeton,Ivy,12.07,27,,,,,,,,12,,12,12,,,12,,13,,,,,,,,,,12,,,12,,,12,,12,,,,,,,,,,,,,,,,,,12,,,,12,,,,12,,,12,,12,,,,,,,,12,,,,,12,,,12,,12,12,12,12,13,,12,12,12,,,12,12,,,Princeton
86,,James Madison,Sun Belt,12.32,19,,,,,,,,12,,12,,,,,,12,12,,,,,,,,,12,,,,,,12,,12,,,,,,,,,,,,,,,,,,,,,,13,,,,,,,12,,,12,,,,,,,12,,,,,12,,,12,,12,13,15,12,,,12,,13,,,,,,,James Madison
87,,Charlotte,American,12.75,12,,14,,,,,,,,,,,,,,,,,,,,,,,,,,,,,,,,,,,,,,,12,,,,,,13,,,13,13,,,14,,,,,,,12,,,,,,,13,13,,,,,,,,12,,,12,,,,,,,,,,,,,12,,,,,Charlotte
88,,South Florida,American,12.83,6,,,,,,,12,,,,,,,,,,,,12,,,,13,,,,13,,,13,14,,,,,,,,,,,,,,,,,,,,,,,,,,,,,,,,,,,,,,,,,,,,,,,,,,,,,,,,,,,,,,,,,,,South Florida
89,,Yale,Ivy,12.93,15,,,,,,,,,,,,14,,,,,13,,,13,,13,,,,,,,,,,,13,,13,13,,,,,13,,13,13,,12,,,,,13,,,,,,,,,,,,,,,,,,,,13,,,,,,13,,,,,,,,,,,12,,,,,,,,,,Yale
90,,Toledo,MAC,13.00,1,,,,,,,,,,,,,,,,,,,,,,,,,,,,,,,,,,,,,,,,,,,,,,,,,,,,,,,,,,,,,,,,,,,,,,,,,,,,,,13,,,,,,,,,,,,,,,,,,,,Toledo
91,,NC-Wilmington,Coastal,13.89,19,,,,,,14,,14,,15,14,,,,,13,14,14,,,,,,14,,13,,,,13,,14,,,14,14,,,,,,,,,,,,,,,,14,,,,,,,,,,,,,15,,,,,,,,,,,,,,,,,14,13,,,14,,,,,,,,14,,,,NC-Wilmington
92,,Montana,Big Sky,14.00,1,,,,,,,,,,,,,,,,,,,,,,,,,,,,,,,,,,,,,,,,,,,,,,,,,,,,,,,,,,,,,,,,,,,,,,,,,,,,,,14,,,,,,,,,,,,,,,,,,,,Montana
93,,NC-Asheville,Big South,14.00,1,,,,,,,,,,,,,,,,,,,,,,,,,,,,,,,,,,,,,,,,,,,,,,,,,,,,,,,,,,,,,,,,,,,,,,,,,,,,,,14,,,,,,,,,,,,,,,,,,,,NC-Asheville
94,,Western Kentucky,CUSA,14.00,1,,,,,,,,,,,,,,,,,,,,,,,,,,,,,,,,,,,,,,,,,,,,,,,,,,,,,,,,,,,,,,,,,,,,,,,,,,,,,,14,,,,,,,,,,,,,,,,,,,,Western Kentucky
95,,Towson,Coastal,14.50,2,,,,,,,,,,,,,,,,,,,,,,,,,,,,,,,,,,,,,,,,,,,,,,,,,,,,,,,,,,,,,,,,,,14,,,,,,,,,,,,,,,,,,,,,,,,,,,,,,,15,Towson
96,,Youngstown State,Horizon,14.95,20,,,,,,,,15,,,,,,,,15,15,,,15,,,,,,,,,,,,15,,15,,15,,,,,,,,,,,,,,,,,,,,16,,,,,,,15,,,,,,,,,,15,,,,,,,,15,15,,15,14,15,,,15,,15,,15,15,,,14,Youngstown State
97,,Massachusetts-Lowell,America East,15.00,1,,,,,,,,,,,,,,,,,,,,,,,,,,,,,,,,,,,,,,,,,,,,,,,,,,,,,,,,,,,,,,,,,,,,,,,,,,,,,,15,,,,,,,,,,,,,,,,,,,,Massachusetts-Lowell
98,,Troy,Sun Belt,15.00,2,,,,,,,15,,,,,,,,,,,,,,,,15,,,,,,,,,,,,,,,,,,,,,,,,,,,,,,,,,,,,,,,,,,,,,,,,,,,,,,,,,,,,,,,,,,,,,,,,,,,Troy
99,,Weber State,Big Sky,15.00,1,,,,,,,,,,,,,,,,15,,,,,,,,,,,,,,,,,,,,,,,,,,,,,,,,,,,,,,,,,,,,,,,,,,,,,,,,,,,,,,,,,,,,,,,,,,,,,,,,,,Weber State
100,,Sam Houston State,CUSA,15.67,3,,,,,,,16,,,,,,,,,,,,,,,,15,,,,,,,,,,,,,,,,,,,,,,,,,,,,,,,,,,,,,,,,,,,,,,,,,,,,,,,,,,,,,,,,,,,,,,,,,,16,Sam Houston State
101,,Wisconsin-Green Bay,Horizon,15.84,19,,,,16,,,,,,,,,16,,,,,,,,,,16,,,,,,,15,,,,,16,,16,,,,,,,,,,,15,,,,,,16,16,,,,16,,16,,,,,,,,,,16,,,,16,16,,,,16,,,,,,,15,,,16,,16,,,16,,,Wisconsin-Green Bay
102,,Merrimack,Northeast,16.00,45,,16,16,16,16,,,16,,16,,16,,16,16,,16,16,,,16,16,,16,,16,,,,,,16,16,16,16,,,,16,,16,,16,16,,,,16,16,,16,16,,16,,16,16,,,,16,,16,,,,,,16,16,,,,,,16,,16,,,16,16,16,,16,16,,16,16,,16,,,16,,,,Merrimack
103,,North Dakota,Summit,16.00,20,,,,,,,,,,,,,,,,16,,,,,,,,,,,,,16,16,16,,,,,,,16,16,,,16,,,16,,,,,,,,16,,,,16,16,16,16,16,16,,16,,,16,,,16,,,,,16,,,,,,,,,,,,,,,,,,,,,16,,North Dakota
104,,North Carolina Central,Mid-Eastern,16.00,17,,16,,,,,16,,,,,,,,,,,,,,,,16,,,,,,,16,,,,,,,,,,,16,,16,,,,,16,,16,16,,,16,,,,,,,,,,,,,,16,,16,,,,,,16,16,,,16,,,,,,,,,,,,,,,16,,16,North Carolina Central
105,,Grambling,SWAC,16.00,16,,16,,,,,,,,,,,,,,,,,,,,,16,,,,,,,,,,,,,,,,,16,16,,16,,,,,16,,16,16,,,16,,,,,,,,,,,,16,,,,16,16,,,,,16,16,,,16,,,,,,,,,,,,,,,16,,,Grambling
106,,Lipscomb,Atlantic Sun,16.00,14,,,,,,,,,,16,,,,,,16,16,,,,,,,,,,,,,,,16,,16,,,,,,,,,,,,,,,,,,16,,,,16,,,,,,,16,,,,,,,,,,,,,,,,,,16,,,16,16,16,,,16,,16,,,,,,,Lipscomb
107,,Alabama State,SWAC,16.00,3,,,,,,,,,,,,,,16,,,,,16,,,,,,,,,,,,,,,,,,,,,,,,,,,,,,,,,,,,,,,,,,,,,,,,,,,,,,,,,,,,,,,,,,,,,,,16,,,,,,,,Alabama State
108,,Stetson,Atlantic Sun,16.00,3,,,,,,,,,,,,,,,,,,16,,,,,,,,16,,,,,,,,,,,,,,,,,,,,,,,,,,,,,,,,,,,,,,,,,,,,,,,,,,,,,,,,,16,,,,,,,,,,,,,,,Stetson
109,,Delaware State,Mid-Eastern,16.00,1,,,,,,,,,,,,,,16,,,,,,,,,,,,,,,,,,,,,,,,,,,,,,,,,,,,,,,,,,,,,,,,,,,,,,,,,,,,,,,,,,,,,,,,,,,,,,,,,,,,Delaware State
110,,Fairfield,Metro Atlantic,16.00,1,,,,,,,,,,,,,,,,,,,,,,,,,,,,,,,,,,,,,,,,,,,,,,,,,,,,,,,,,,,,,,,,,,,,,,,,,,,,,,,,,,,,,,,,,,,,,,16,,,,Fairfield
111,,Iona,Metro Atlantic,16.00,1,,,,,,,,,,,,,,,,,,,,,,,,,,,,,,,,,,,,,,,,,,,,,,,,,,,,,,,,,,,,,,,,,,,,,,,,,,,,,,,,,,,,,,,,,,,16,,,,,,,Iona
112,,Kennesaw State,Atlantic Sun,16.00,1,,,,,,,,,,,,,,,,,,,,,,,,,,,,,,,,,,,,,,,,,,,,,,,,,,,,,,,,,,,,,,,,,,,,,,,,,,,,,,16,,,,,,,,,,,,,,,,,,,,Kennesaw State
113,,Oral Roberts,Summit,16.00,1,,,,,,,,,,16,,,,,,,,,,,,,,,,,,,,,,,,,,,,,,,,,,,,,,,,,,,,,,,,,,,,,,,,,,,,,,,,,,,,,,,,,,,,,,,,,,,,,,,,Oral Roberts
114,,,,,,,,,,,,,,,,,,,,,,,,,,,,,,,,,,,,,,,,,,,,,,,,,,,,,,,,,,,,,,,,,,,,,,,,,,,,,,,,,,,,,,,,,,,,,,,,,,,,,,,
115,,"Blue = Best Seed, Red = Worst Seed","Blue = Best Seed, Red = Worst Seed",,,,,,,,,,,,,,,,,,,,,,,,,,,,,,,,,,,,,,,,,,,,,,,,,,,,,,,,,,,,,,,,,,,,,,,,,,,,,,,,,,,,,,,,,,,,,,,,,,,,
116,,"Ineligible Schools: Bellarmine, Le Moyne,  Lindenwood, Queens, St. Thomas, Southern Indiana, Stonehill, TAMU-Commerce,  Tarleton State, UC San Diego, Utah Tech","Ineligible Schools: Bellarmine, Le Moyne,  Lindenwood, Queens, St. Thomas, Southern Indiana, Stonehill, TAMU-Commerce,  Tarleton State, UC San Diego, Utah Tech","Ineligible Schools: Bellarmine, Le Moyne,  Lindenwood, Queens, St. Thomas, Southern Indiana, Stonehill, TAMU-Commerce,  Tarleton State, UC San Diego, Utah Tech","Ineligible Schools: Bellarmine, Le Moyne,  Lindenwood, Queens, St. Thomas, Southern Indiana, Stonehill, TAMU-Commerce,  Tarleton State, UC San Diego, Utah Tech","Ineligible Schools: Bellarmine, Le Moyne,  Lindenwood, Queens, St. Thomas, Southern Indiana, Stonehill, TAMU-Commerce,  Tarleton State, UC San Diego, Utah Tech","Ineligible Schools: Bellarmine, Le Moyne,  Lindenwood, Queens, St. Thomas, Southern Indiana, Stonehill, TAMU-Commerce,  Tarleton State, UC San Diego, Utah Tech","Ineligible Schools: Bellarmine, Le Moyne,  Lindenwood, Queens, St. Thomas, Southern Indiana, Stonehill, TAMU-Commerce,  Tarleton State, UC San Diego, Utah Tech","Ineligible Schools: Bellarmine, Le Moyne,  Lindenwood, Queens, St. Thomas, Southern Indiana, Stonehill, TAMU-Commerce,  Tarleton State, UC San Diego, Utah Tech","Ineligible Schools: Bellarmine, Le Moyne,  Lindenwood, Queens, St. Thomas, Southern Indiana, Stonehill, TAMU-Commerce,  Tarleton State, UC San Diego, Utah Tech","Ineligible Schools: Bellarmine, Le Moyne,  Lindenwood, Queens, St. Thomas, Southern Indiana, Stonehill, TAMU-Commerce,  Tarleton State, UC San Diego, Utah Tech","Ineligible Schools: Bellarmine, Le Moyne,  Lindenwood, Queens, St. Thomas, Southern Indiana, Stonehill, TAMU-Commerce,  Tarleton State, UC San Diego, Utah Tech","Ineligible Schools: Bellarmine, Le Moyne,  Lindenwood, Queens, St. Thomas, Southern Indiana, Stonehill, TAMU-Commerce,  Tarleton State, UC San Diego, Utah Tech","Ineligible Schools: Bellarmine, Le Moyne,  Lindenwood, Queens, St. Thomas, Southern Indiana, Stonehill, TAMU-Commerce,  Tarleton State, UC San Diego, Utah Tech","Ineligible Schools: Bellarmine, Le Moyne,  Lindenwood, Queens, St. Thomas, Southern Indiana, Stonehill, TAMU-Commerce,  Tarleton State, UC San Diego, Utah Tech","Ineligible Schools: Bellarmine, Le Moyne,  Lindenwood, Queens, St. Thomas, Southern Indiana, Stonehill, TAMU-Commerce,  Tarleton State, UC San Diego, Utah Tech","Ineligible Schools: Bellarmine, Le Moyne,  Lindenwood, Queens, St. Thomas, Southern Indiana, Stonehill, TAMU-Commerce,  Tarleton State, UC San Diego, Utah Tech","Ineligible Schools: Bellarmine, Le Moyne,  Lindenwood, Queens, St. Thomas, Southern Indiana, Stonehill, TAMU-Commerce,  Tarleton State, UC San Diego, Utah Tech","Ineligible Schools: Bellarmine, Le Moyne,  Lindenwood, Queens, St. Thomas, Southern Indiana, Stonehill, TAMU-Commerce,  Tarleton State, UC San Diego, Utah Tech","Ineligible Schools: Bellarmine, Le Moyne,  Lindenwood, Queens, St. Thomas, Southern Indiana, Stonehill, TAMU-Commerce,  Tarleton State, UC San Diego, Utah Tech",,,,,,,,,,,,,,,,,,,,,,,,,,,,,,,,,,,,,,,,,,,,,,,,,,,,,,,,,,,,,,,,,,,,,,,,,,,,,,,,,,,
117,,"Questions, comments, or mistakes should be mailed to  bracketproject@gmail.com","Questions, comments, or mistakes should be mailed to  bracketproject@gmail.com","Questions, comments, or mistakes should be mailed to  bracketproject@gmail.com","Questions, comments, or mistakes should be mailed to  bracketproject@gmail.com","Questions, comments, or mistakes should be mailed to  bracketproject@gmail.com","Questions, comments, or mistakes should be mailed to  bracketproject@gmail.com","Questions, comments, or mistakes should be mailed to  bracketproject@gmail.com",,,,,,,,,,,,,,,,,,,,,,,,,,,,,,,,,,,,,,,,,,,,,,,,,,,,,,,,,,,,,,,,,,,,,,,,,,,,,,,,,,,,,,,,,,,,,,,
