,Unnamed: 0_level_0,Unnamed: 1_level_0,Overall,Overall,Overall,Overall,Overall,Overall,Unnamed: 8_level_0,Conf.,Conf.,Unnamed: 11_level_0,Home,Home,Unnamed: 14_level_0,Away,Away,Unnamed: 17_level_0,Points,Points,Unnamed: 20_level_0,Opponent Advanced,Opponent Advanced,Opponent Advanced,Opponent Advanced,Opponent Advanced,Opponent Advanced,Opponent Advanced,Opponent Advanced,Opponent Advanced,Opponent Advanced,Opponent Advanced,Opponent Advanced,Opponent Advanced
,Rk,School,G,W,L,W-L%,SRS,SOS,Unnamed: 8_level_1,W,L,Unnamed: 11_level_1,W,L,Unnamed: 14_level_1,W,L,Unnamed: 17_level_1,Tm.,Opp.,Unnamed: 20_level_1,Pace,ORtg,FTr,3PAr,TS%,TRB%,AST%,STL%,BLK%,eFG%,TOV%,ORB%,FT/FGA
0,1,Abilene Christian,9,3,6,.333,-2.53,1.91,,0,2,,0,3,,1,2,,628,668,,71.1,102.9,.434,.347,.559,56.2,48.2,8.8,8.7,.518,19.6,33.4,.313
1,2,Air Force,9,7,2,.778,-0.39,-7.28,,,,,4,1,,3,1,,610,548,,64.8,92.7,.314,.366,.480,50.2,44.8,7.4,7.5,.446,16.4,27.4,.211
2,3,Akron,8,5,3,.625,5.40,2.54,,,,,3,0,,1,1,,602,524,,69.3,94.6,.221,.345,.518,45.4,55.2,11.9,8.1,.502,17.9,23.5,.140
3,4,Alabama,8,6,2,.750,23.82,4.57,,,,,5,1,,0,0,,753,599,,73.4,102.0,.351,.373,.529,43.8,38.9,9.0,11.1,.496,15.3,26.9,.243
4,5,Alabama A&M,7,1,6,.143,-19.53,-1.53,,,,,1,0,,0,5,,476,602,,72.6,116.4,.490,.443,.607,51.7,64.8,12.2,9.1,.566,16.5,32.6,.366
5,6,Alabama State,8,4,4,.500,-10.02,1.48,,,,,2,0,,0,4,,617,602,,73.1,101.3,.381,.475,.522,48.0,61.0,8.1,8.0,.485,16.0,28.4,.264
6,7,Albany (NY),9,6,3,.667,-6.36,-7.73,,,,,4,0,,2,3,,707,657,,75.2,97.0,.335,.275,.499,47.7,43.6,9.2,11.5,.454,14.5,27.3,.248
7,8,Alcorn State,8,1,7,.125,-11.78,7.65,,,,,1,0,,0,7,,553,681,,71.4,119.3,.411,.487,.601,53.9,69.6,9.1,11.0,.577,14.6,33.5,.283
8,9,American,10,4,6,.400,-10.75,-6.64,,,,,4,1,,0,5,,739,747,,65.8,112.2,.338,.439,.584,47.5,48.7,7.5,8.5,.563,14.7,26.7,.230
9,10,Appalachian State,9,7,2,.778,7.94,0.37,,,,,5,0,,0,2,,719,552,,70.1,86.3,.271,.377,.425,44.9,42.9,8.3,5.7,.389,13.3,26.2,.181
10,11,Arizona,7,7,0,1.000,32.49,1.64,,,,,5,0,,1,0,,654,438,,76.4,81.9,.227,.390,.467,37.3,53.4,9.7,6.8,.447,19.4,17.3,.142
11,12,Arizona State,8,6,2,.750,9.02,7.14,,,,,5,0,,0,0,,547,532,,71.3,93.3,.237,.410,.476,53.9,51.8,8.1,5.0,.448,17.4,31.6,.163
12,13,Arkansas,9,6,3,.667,10.00,3.67,,,,,5,1,,0,0,,742,685,,72.8,101.8,.382,.359,.515,47.7,49.6,8.6,4.7,.478,13.9,27.0,.261
13,14,Arkansas State,9,2,7,.222,-5.86,2.03,,,,,1,1,,0,5,,659,730,,72.9,111.3,.472,.261,.556,49.7,45.7,12.8,15.8,.506,12.9,31.0,.351
14,15,Arkansas-Pine Bluff,10,4,6,.400,-18.19,1.38,,,,,3,1,,1,5,,856,881,,78.3,112.5,.302,.397,.584,54.4,61.1,8.9,11.7,.557,16.5,32.5,.221
15,16,Army,9,2,7,.222,-17.86,-9.49,,,,,2,3,,0,4,,541,573,,65.9,96.6,.314,.377,.528,48.5,53.1,11.1,10.9,.498,16.9,22.3,.218
16,17,Auburn,7,5,2,.714,16.25,3.10,,,,,3,0,,0,1,,550,458,,70.6,92.7,.396,.336,.480,45.5,39.3,9.7,5.7,.418,16.6,29.4,.303
17,18,Austin Peay,10,4,6,.400,-11.47,-1.61,,,,,3,1,,0,4,,681,651,,67.0,97.2,.382,.431,.519,50.0,54.8,7.5,5.6,.486,18.9,29.3,.254
18,19,Ball State,9,7,2,.778,-7.41,-7.70,,,,,6,0,,1,2,,682,578,,68.6,93.7,.226,.341,.514,45.2,46.8,8.6,7.7,.490,18.7,24.5,.157
19,20,Baylor,9,9,0,1.000,25.06,1.81,,,,,6,0,,0,0,,820,608,,70.7,95.4,.251,.342,.495,42.3,49.8,8.3,11.5,.459,16.2,29.3,.189
20,,,Overall,Overall,Overall,Overall,Overall,Overall,,Conf.,Conf.,,Home,Home,,Away,Away,,Points,Points,,Opponent Advanced,Opponent Advanced,Opponent Advanced,Opponent Advanced,Opponent Advanced,Opponent Advanced,Opponent Advanced,Opponent Advanced,Opponent Advanced,Opponent Advanced,Opponent Advanced,Opponent Advanced,Opponent Advanced
21,Rk,School,G,W,L,W-L%,SRS,SOS,,W,L,,W,L,,W,L,,Tm.,Opp.,,Pace,ORtg,FTr,3PAr,TS%,TRB%,AST%,STL%,BLK%,eFG%,TOV%,ORB%,FT/FGA
22,21,Bellarmine,10,3,7,.300,-6.61,1.26,,,,,2,1,,1,6,,681,689,,68.1,101.2,.285,.424,.525,52.0,53.8,7.6,9.1,.496,15.9,28.4,.201
23,22,Belmont,10,7,3,.700,-0.75,1.14,,2,0,,4,0,,2,2,,812,795,,74.3,105.7,.240,.373,.534,51.1,50.2,10.0,5.9,.512,14.3,30.2,.166
24,23,Bethune-Cookman,8,4,4,.500,-15.59,-7.76,,,,,4,0,,0,2,,629,568,,76.8,92.5,.478,.391,.542,49.1,52.8,10.4,4.5,.492,24.8,29.3,.347
25,24,Binghamton,9,5,4,.556,-9.27,-4.52,,,,,3,0,,2,4,,648,632,,70.4,99.7,.316,.372,.501,48.0,44.4,10.6,12.4,.473,13.3,27.1,.208
26,25,Boise State,8,5,3,.625,8.51,11.51,,,,,3,0,,0,1,,548,535,,69.1,96.7,.292,.312,.520,49.7,43.9,8.3,12.3,.483,17.1,25.3,.217
27,26,Boston College,9,6,3,.667,7.33,1.77,,0,1,,4,1,,2,0,,687,637,,69.5,100.5,.245,.374,.530,49.1,49.8,7.9,9.8,.500,16.5,26.2,.184
28,27,Boston University,9,3,6,.333,-9.22,-2.47,,,,,2,1,,1,5,,593,606,,69.0,97.6,.363,.416,.524,49.0,50.5,10.3,8.8,.492,15.5,20.5,.245
29,28,Bowling Green State,8,5,3,.625,-1.81,-4.06,,,,,2,1,,1,1,,558,540,,70.3,96.1,.287,.324,.497,48.6,44.7,10.1,10.4,.473,14.9,25.6,.184
30,29,Bradley,9,6,3,.667,6.34,4.45,,0,2,,3,1,,1,2,,654,637,,68.1,101.1,.350,.369,.506,52.0,48.0,11.0,7.0,.469,15.1,32.7,.243
31,30,Brigham Young,8,8,0,1.000,31.03,-1.84,,,,,5,0,,0,0,,735,472,,71.7,82.4,.248,.323,.448,39.6,44.8,8.7,3.6,.425,16.8,19.2,.153
32,31,Brown,11,3,8,.273,-5.30,-0.60,,,,,1,2,,1,4,,782,788,,69.9,100.3,.354,.353,.529,47.5,48.9,9.5,9.7,.501,16.1,25.1,.234
33,32,Bryant,10,6,4,.600,-4.04,-1.79,,,,,3,1,,3,3,,782,705,,75.8,93.0,.290,.353,.456,52.9,50.0,9.6,7.1,.421,13.5,30.3,.196
34,33,Bucknell,10,3,7,.300,-8.39,1.31,,,,,1,2,,2,5,,632,729,,66.0,110.5,.298,.443,.573,54.2,62.0,10.2,11.6,.552,15.1,29.5,.205
35,34,Buffalo,9,1,8,.111,-14.00,2.25,,,,,1,3,,0,3,,613,737,,71.2,115.2,.281,.387,.586,47.3,55.1,13.4,10.3,.572,13.2,28.2,.184
36,35,Butler,9,7,2,.778,14.97,0.75,,,,,5,0,,0,1,,739,611,,70.6,94.9,.226,.390,.481,48.6,47.0,10.1,9.8,.457,14.9,29.4,.150
37,36,Cal Poly,9,3,6,.333,-10.87,-1.24,,,,,2,0,,0,5,,612,671,,66.0,108.4,.466,.345,.554,54.5,46.5,7.1,9.4,.516,15.7,33.4,.321
38,37,Cal State Bakersfield,8,4,4,.500,-10.19,2.48,,,,,3,0,,0,3,,558,553,,67.4,102.6,.348,.401,.523,50.7,50.0,6.9,6.1,.481,17.6,36.8,.256
39,38,Cal State Fullerton,9,5,4,.556,-6.47,2.53,,,,,3,0,,1,3,,621,604,,68.7,97.7,.292,.406,.510,48.7,56.0,10.7,8.9,.481,16.3,27.8,.200
40,39,Cal State Northridge,8,5,3,.625,-7.23,-12.52,,,,,2,1,,3,2,,632,564,,75.3,93.7,.353,.469,.511,40.8,61.4,12.3,7.2,.474,16.5,19.8,.245
41,40,California,8,3,5,.375,0.14,-1.61,,,,,3,2,,0,0,,597,583,,67.8,105.8,.367,.377,.539,44.3,36.9,9.3,7.5,.495,13.0,26.1,.275
42,,,Overall,Overall,Overall,Overall,Overall,Overall,,Conf.,Conf.,,Home,Home,,Away,Away,,Points,Points,,Opponent Advanced,Opponent Advanced,Opponent Advanced,Opponent Advanced,Opponent Advanced,Opponent Advanced,Opponent Advanced,Opponent Advanced,Opponent Advanced,Opponent Advanced,Opponent Advanced,Opponent Advanced,Opponent Advanced
43,Rk,School,G,W,L,W-L%,SRS,SOS,,W,L,,W,L,,W,L,,Tm.,Opp.,,Pace,ORtg,FTr,3PAr,TS%,TRB%,AST%,STL%,BLK%,eFG%,TOV%,ORB%,FT/FGA
44,41,California Baptist,8,6,2,.750,2.21,-5.45,,1,1,,5,2,,1,0,,579,506,,67.5,93.7,.253,.291,.497,44.1,41.7,8.1,9.0,.469,15.9,22.2,.176
45,42,Campbell,9,3,6,.333,-10.85,-3.98,,,,,3,2,,0,4,,546,570,,62.8,99.5,.255,.435,.502,51.8,53.4,12.4,8.2,.464,16.1,31.8,.198
46,43,Canisius,10,6,4,.600,-0.07,-2.18,,1,1,,3,1,,1,2,,783,724,,72.5,99.9,.347,.304,.495,48.0,43.1,9.1,11.7,.462,14.0,31.6,.229
47,44,Central Arkansas,10,1,9,.100,-19.39,-5.73,,,,,1,3,,0,6,,697,777,,70.5,110.2,.358,.435,.560,51.6,50.9,10.4,6.9,.530,15.5,33.1,.251
48,45,Central Connecticut State,8,3,5,.375,-10.30,-7.01,,,,,2,1,,1,4,,587,553,,70.2,98.4,.279,.356,.527,50.1,58.9,9.6,6.1,.511,17.5,26.8,.173
49,46,Central Florida,8,6,2,.750,11.01,-0.87,,,,,4,1,,0,1,,634,539,,72.8,91.0,.416,.395,.511,46.0,52.9,10.1,7.7,.458,20.3,23.9,.309
50,47,Central Michigan,8,3,5,.375,-10.47,-0.34,,,,,1,1,,1,3,,521,602,,68.0,110.7,.300,.389,.573,51.9,55.8,10.7,9.0,.535,16.8,33.7,.239
51,48,Charleston Southern,8,3,5,.375,-20.34,-4.84,,,,,3,1,,0,4,,566,583,,68.9,105.6,.401,.280,.520,50.5,35.5,11.1,4.7,.475,13.3,32.0,.289
52,49,Charlotte,8,5,3,.625,8.80,2.43,,,,,4,1,,0,0,,546,495,,63.5,95.9,.270,.375,.498,49.5,46.9,7.8,6.7,.461,15.5,25.3,.202
53,50,Chattanooga,8,5,3,.625,-5.19,-6.62,,,,,4,1,,1,2,,607,552,,68.6,99.1,.247,.403,.500,45.8,44.6,9.2,7.4,.478,13.5,26.4,.162
54,51,Chicago State,11,3,8,.273,-12.21,-6.30,,,,,1,4,,1,3,,730,795,,68.9,103.8,.368,.367,.561,53.4,47.1,10.2,8.8,.533,20.0,34.0,.252
55,52,Cincinnati,7,7,0,1.000,19.44,-2.85,,,,,6,0,,1,0,,611,455,,69.9,91.4,.231,.330,.494,41.4,46.0,7.0,10.1,.466,16.0,19.9,.164
56,53,Clemson,8,8,0,1.000,17.32,6.57,,1,0,,4,0,,2,0,,634,548,,68.2,100.4,.348,.411,.509,47.2,46.8,8.4,6.3,.472,12.8,24.2,.242
57,54,Cleveland State,10,6,4,.600,-2.60,-3.38,,1,1,,6,0,,0,4,,747,679,,69.3,98.0,.360,.359,.509,49.9,51.6,9.7,8.5,.490,18.6,35.9,.213
58,55,Coastal Carolina,8,3,5,.375,-8.55,-2.05,,,,,3,5,,0,0,,644,617,,72.6,104.6,.287,.488,.506,46.0,53.1,10.5,7.0,.477,13.2,32.6,.196
59,56,Colgate,9,5,4,.556,2.02,3.15,,,,,3,1,,0,2,,637,568,,68.6,91.9,.239,.411,.477,46.9,55.7,8.4,7.5,.455,15.1,23.1,.151
60,57,College of Charleston,8,4,4,.500,1.43,4.56,,,,,1,0,,2,1,,581,606,,71.1,106.5,.326,.394,.552,50.2,41.9,11.4,11.7,.518,15.5,28.2,.240
61,58,Colorado,8,6,2,.750,14.08,-0.04,,,,,5,0,,0,1,,670,557,,70.1,97.9,.339,.378,.518,42.5,37.5,12.1,6.9,.478,15.9,24.1,.246
62,59,Colorado State,9,9,0,1.000,21.73,7.18,,,,,5,0,,1,0,,772,641,,70.3,101.4,.281,.350,.533,49.9,44.4,6.3,6.9,.497,16.0,26.8,.213
63,60,Columbia,10,7,3,.700,-2.07,-5.32,,,,,6,1,,1,2,,778,657,,71.3,92.1,.245,.431,.488,47.5,54.2,8.7,10.3,.458,18.1,28.3,.174
64,,,Overall,Overall,Overall,Overall,Overall,Overall,,Conf.,Conf.,,Home,Home,,Away,Away,,Points,Points,,Opponent Advanced,Opponent Advanced,Opponent Advanced,Opponent Advanced,Opponent Advanced,Opponent Advanced,Opponent Advanced,Opponent Advanced,Opponent Advanced,Opponent Advanced,Opponent Advanced,Opponent Advanced,Opponent Advanced
65,Rk,School,G,W,L,W-L%,SRS,SOS,,W,L,,W,L,,W,L,,Tm.,Opp.,,Pace,ORtg,FTr,3PAr,TS%,TRB%,AST%,STL%,BLK%,eFG%,TOV%,ORB%,FT/FGA
66,61,Connecticut,9,8,1,.889,20.84,-1.83,,,,,5,0,,0,1,,773,569,,68.7,92.1,.320,.310,.488,40.2,50.2,8.3,7.3,.458,15.6,21.7,.208
67,62,Coppin State,10,1,9,.100,-20.79,-5.19,,,,,1,2,,0,6,,561,717,,66.3,108.1,.350,.427,.563,58.5,60.9,11.6,7.6,.529,19.3,40.3,.255
68,63,Cornell,9,7,2,.778,2.64,-1.86,,,,,2,0,,3,2,,754,697,,74.9,103.4,.287,.439,.543,46.4,49.4,12.6,10.0,.524,16.0,26.2,.186
69,64,Creighton,8,7,1,.875,25.25,4.63,,,,,4,0,,2,0,,672,507,,68.4,92.5,.139,.235,.458,42.6,37.8,8.6,9.2,.438,10.2,21.5,.100
70,65,Dartmouth,7,2,5,.286,-10.97,1.70,,,,,2,1,,0,4,,443,501,,69.2,103.5,.239,.346,.522,52.2,46.1,9.9,9.6,.497,13.0,24.7,.169
71,66,Davidson,9,6,3,.667,3.68,2.05,,,,,4,0,,1,2,,636,600,,65.1,102.4,.219,.411,.522,49.6,52.7,8.5,9.7,.501,14.6,28.4,.150
72,67,Dayton,8,6,2,.750,10.96,5.09,,,,,3,0,,1,1,,560,513,,62.8,102.2,.220,.326,.505,50.2,48.2,11.2,9.2,.476,14.9,33.3,.163
73,68,Delaware,9,6,3,.667,4.49,0.37,,,,,2,0,,3,1,,697,631,,69.9,100.3,.300,.370,.509,48.4,41.3,9.1,9.9,.482,13.9,28.0,.199
74,69,Delaware State,11,5,6,.455,-12.38,-6.68,,,,,1,1,,2,4,,809,819,,71.8,99.2,.398,.418,.562,45.7,56.5,10.2,5.5,.530,19.5,23.9,.276
75,70,Denver,10,6,4,.600,-1.22,-2.59,,,,,3,0,,2,3,,832,765,,70.9,107.9,.275,.341,.534,47.3,45.1,7.1,13.6,.508,12.3,28.8,.193
76,71,DePaul,8,1,7,.125,-0.47,8.91,,,,,1,4,,0,1,,564,639,,70.7,113.1,.340,.324,.560,54.4,51.5,11.0,8.2,.535,14.0,34.9,.232
77,72,Detroit Mercy,9,0,9,.000,-13.54,1.24,,0,2,,0,3,,0,6,,554,687,,66.4,115.1,.327,.372,.582,54.3,57.7,9.4,8.6,.545,14.6,34.0,.254
78,73,Drake,9,8,1,.889,8.50,0.25,,2,0,,5,0,,1,0,,713,627,,68.5,101.6,.265,.382,.543,49.5,38.5,7.9,5.7,.521,17.7,27.6,.179
79,74,Drexel,9,5,4,.556,1.23,-1.77,,,,,2,1,,2,3,,583,556,,64.1,95.0,.286,.345,.470,44.8,47.5,9.4,6.4,.432,11.6,24.9,.203
80,75,Duke,8,5,3,.625,17.47,3.72,,0,1,,4,1,,0,2,,647,537,,69.7,96.2,.278,.376,.516,47.4,58.7,6.3,11.9,.487,16.2,23.9,.193
81,76,Duquesne,8,6,2,.750,8.06,-0.07,,,,,4,1,,1,1,,628,563,,69.8,100.9,.331,.370,.506,48.7,47.2,8.1,8.1,.467,15.1,31.1,.237
82,77,East Carolina,9,6,3,.667,-4.66,-7.41,,,,,6,2,,0,1,,688,636,,67.3,105.0,.313,.436,.552,46.0,50.2,8.4,8.2,.522,16.7,28.9,.223
83,78,East Tennessee State,8,4,4,.500,-6.70,-1.70,,,,,2,0,,1,4,,540,558,,69.6,100.2,.356,.334,.521,51.0,44.4,9.9,13.4,.487,17.2,30.9,.245
84,79,Eastern Illinois,9,4,5,.444,-9.97,3.03,,,,,3,0,,0,5,,641,565,,68.7,91.3,.359,.397,.512,45.2,61.0,9.5,10.6,.475,19.4,22.4,.251
85,80,Eastern Kentucky,6,3,3,.500,-10.71,-3.96,,,,,3,2,,0,1,,525,458,,78.5,97.2,.230,.369,.495,46.5,48.2,11.0,5.5,.474,16.6,31.8,.151
86,,,Overall,Overall,Overall,Overall,Overall,Overall,,Conf.,Conf.,,Home,Home,,Away,Away,,Points,Points,,Opponent Advanced,Opponent Advanced,Opponent Advanced,Opponent Advanced,Opponent Advanced,Opponent Advanced,Opponent Advanced,Opponent Advanced,Opponent Advanced,Opponent Advanced,Opponent Advanced,Opponent Advanced,Opponent Advanced
87,Rk,School,G,W,L,W-L%,SRS,SOS,,W,L,,W,L,,W,L,,Tm.,Opp.,,Pace,ORtg,FTr,3PAr,TS%,TRB%,AST%,STL%,BLK%,eFG%,TOV%,ORB%,FT/FGA
88,81,Eastern Michigan,8,5,3,.625,-13.14,-4.57,,,,,3,0,,2,2,,539,584,,66.7,109.4,.314,.393,.543,50.9,51.4,10.3,7.3,.513,13.2,29.2,.222
89,82,Eastern Washington,7,1,6,.143,-8.22,11.94,,,,,1,0,,0,6,,520,590,,73.9,114.1,.402,.356,.576,53.3,54.1,9.9,9.8,.543,12.9,28.7,.286
90,83,Elon,9,5,4,.556,-10.85,-7.85,,,,,3,0,,0,4,,745,698,,71.1,109.1,.292,.356,.548,47.1,44.0,8.6,7.9,.521,13.8,30.1,.208
91,84,Evansville,9,7,2,.778,0.78,-2.60,,1,1,,4,0,,2,2,,740,643,,72.3,96.1,.272,.437,.523,47.6,53.9,7.6,6.7,.502,18.0,23.9,.176
92,85,Fairfield,9,3,6,.333,-9.78,-2.40,,1,1,,1,2,,2,3,,662,674,,71.1,105.3,.269,.342,.540,53.2,50.0,9.7,8.8,.516,16.8,33.7,.186
93,86,Fairleigh Dickinson,10,5,5,.500,-16.63,-7.50,,,,,3,0,,2,4,,832,803,,77.0,104.3,.362,.391,.545,51.3,56.4,9.7,8.4,.504,16.9,30.7,.269
94,87,Florida,8,5,3,.625,16.48,6.61,,,,,4,0,,0,1,,666,587,,73.2,100.2,.342,.342,.511,43.8,49.0,11.9,7.6,.478,15.0,29.9,.233
95,88,Florida A&M,6,1,5,.167,-10.79,10.61,,,,,0,2,,1,3,,380,494,,68.9,114.6,.531,.440,.578,55.1,52.6,10.2,9.0,.547,15.3,35.0,.355
96,89,Florida Atlantic,9,7,2,.778,21.10,7.21,,,,,3,1,,0,0,,760,635,,69.9,101.0,.292,.364,.521,46.7,35.2,6.7,6.0,.490,15.6,28.9,.207
97,90,Florida Gulf Coast,10,3,7,.300,-7.98,2.89,,,,,2,1,,1,3,,701,746,,66.6,112.0,.318,.422,.563,48.6,51.7,10.8,7.2,.537,13.4,29.9,.220
98,91,Florida International,10,3,7,.300,-5.61,-2.01,,,,,2,2,,1,2,,720,756,,73.4,103.0,.421,.400,.581,55.0,52.9,10.6,12.9,.549,23.4,38.1,.297
99,92,Florida State,7,4,3,.571,10.77,5.48,,0,1,,2,1,,0,2,,552,515,,73.7,98.1,.480,.342,.516,51.8,46.3,9.0,6.8,.474,18.6,33.8,.320
100,93,Fordham,9,4,5,.444,-0.70,-5.15,,,,,3,3,,0,0,,666,626,,72.9,94.0,.483,.313,.521,48.3,43.2,12.0,6.5,.471,20.4,28.1,.337
101,94,Fresno State,8,4,4,.500,-4.29,1.14,,,,,3,1,,0,1,,578,605,,70.1,106.1,.251,.347,.552,48.0,46.3,10.5,9.0,.528,14.2,26.2,.180
102,95,Furman,9,4,5,.444,0.13,0.38,,,,,3,0,,1,3,,741,727,,75.5,107.1,.301,.339,.556,48.5,48.3,10.8,10.8,.531,14.3,26.3,.208
103,96,Gardner-Webb,10,4,6,.400,-3.26,3.37,,,,,3,1,,0,3,,732,704,,71.2,97.6,.405,.356,.518,48.4,44.2,7.4,9.3,.475,16.4,25.7,.284
104,97,George Mason,9,7,2,.778,8.08,0.86,,,,,5,0,,1,1,,670,605,,66.1,101.7,.309,.374,.498,47.0,50.7,10.1,10.6,.460,12.8,29.0,.221
105,98,George Washington,9,7,2,.778,6.74,0.19,,,,,5,0,,0,1,,739,680,,74.6,97.3,.201,.442,.487,48.2,47.8,8.6,9.8,.460,13.0,26.6,.146
106,99,Georgetown,8,5,3,.625,-0.48,-6.60,,,,,5,2,,0,1,,632,583,,69.0,104.1,.307,.349,.514,47.0,47.0,11.8,8.1,.489,13.6,32.1,.200
107,100,Georgia,9,6,3,.667,6.83,4.61,,,,,5,0,,1,0,,649,629,,70.9,98.4,.283,.363,.484,51.4,52.0,7.5,10.1,.449,13.3,30.8,.199
108,,,Overall,Overall,Overall,Overall,Overall,Overall,,Conf.,Conf.,,Home,Home,,Away,Away,,Points,Points,,Opponent Advanced,Opponent Advanced,Opponent Advanced,Opponent Advanced,Opponent Advanced,Opponent Advanced,Opponent Advanced,Opponent Advanced,Opponent Advanced,Opponent Advanced,Opponent Advanced,Opponent Advanced,Opponent Advanced
109,Rk,School,G,W,L,W-L%,SRS,SOS,,W,L,,W,L,,W,L,,Tm.,Opp.,,Pace,ORtg,FTr,3PAr,TS%,TRB%,AST%,STL%,BLK%,eFG%,TOV%,ORB%,FT/FGA
110,101,Georgia Southern,8,0,8,.000,-19.60,-4.47,,,,,0,1,,0,5,,556,677,,70.1,120.7,.443,.399,.613,55.8,59.1,11.8,14.7,.587,16.2,38.5,.311
111,102,Georgia State,8,4,4,.500,-0.87,-0.01,,,,,2,1,,2,3,,632,606,,71.5,104.3,.478,.321,.546,48.6,47.1,7.9,9.7,.499,15.4,27.7,.343
112,103,Georgia Tech,7,4,3,.571,3.15,5.30,,1,0,,4,1,,0,2,,498,513,,71.2,103.0,.322,.393,.508,49.5,42.3,8.8,10.9,.471,13.1,31.6,.228
113,104,Gonzaga,8,7,1,.875,18.09,4.23,,,,,4,0,,0,0,,698,535,,73.0,91.6,.262,.379,.465,40.0,42.4,9.4,6.6,.425,13.3,24.2,.195
114,105,Grambling,8,2,6,.250,-21.46,4.54,,,,,2,0,,0,4,,539,640,,70.7,113.1,.373,.368,.592,52.1,60.4,11.8,7.5,.566,16.3,32.1,.261
115,106,Grand Canyon,8,7,1,.875,11.19,-0.06,,2,0,,5,0,,1,0,,641,551,,70.5,97.7,.342,.331,.516,43.5,50.8,10.1,5.2,.479,17.3,28.0,.242
116,107,Green Bay,9,4,5,.444,-7.13,-2.26,,1,1,,3,0,,1,4,,571,594,,63.3,102.8,.350,.375,.500,47.9,47.5,11.6,13.2,.457,10.4,25.8,.253
117,108,Hampton,8,3,5,.375,-15.52,-3.35,,,,,2,1,,0,2,,660,615,,75.7,101.5,.415,.411,.533,47.8,44.3,10.6,5.6,.477,16.5,28.6,.322
118,109,Harvard,9,6,3,.667,1.71,0.84,,,,,3,0,,3,3,,674,639,,69.2,101.3,.241,.393,.483,52.0,54.2,9.5,9.9,.464,13.3,34.0,.150
119,110,Hawaii,7,6,1,.857,3.38,-7.29,,,,,4,0,,0,0,,558,478,,70.4,97.0,.327,.278,.508,47.8,32.0,9.7,6.0,.473,15.8,25.6,.229
120,111,High Point,10,7,3,.700,3.25,-4.13,,,,,4,0,,1,2,,905,743,,71.4,102.8,.324,.390,.521,40.9,46.3,7.3,6.6,.485,12.5,22.8,.233
121,112,Hofstra,8,6,2,.750,9.03,1.31,,,,,2,1,,1,1,,656,549,,69.7,97.0,.291,.404,.487,49.4,49.7,9.7,7.7,.448,15.2,29.8,.212
122,113,Holy Cross,9,2,7,.222,-21.29,-8.07,,,,,0,2,,1,4,,579,698,,65.5,118.3,.315,.371,.572,52.7,48.0,10.8,13.5,.545,11.5,32.2,.224
123,114,Houston,9,9,0,1.000,26.47,0.58,,,,,5,0,,1,0,,675,442,,64.6,76.1,.378,.403,.437,43.8,66.0,7.1,5.8,.397,23.5,26.1,.235
124,115,Houston Christian,7,1,6,.143,-17.30,4.53,,,,,1,2,,0,4,,504,598,,78.7,108.5,.288,.395,.553,50.1,61.8,12.3,11.1,.527,13.3,28.9,.202
125,116,Howard,8,3,5,.375,-2.70,1.05,,,,,2,1,,1,4,,619,649,,71.6,108.3,.350,.330,.547,48.3,49.4,11.9,9.1,.518,13.2,29.0,.240
126,117,Idaho,9,5,4,.556,-4.42,-1.71,,,,,4,2,,0,2,,677,606,,68.3,97.3,.386,.361,.510,48.7,51.7,10.4,10.6,.473,16.5,27.5,.261
127,118,Idaho State,9,4,5,.444,-8.39,-2.68,,,,,3,0,,1,4,,620,570,,65.9,96.1,.276,.293,.512,47.7,47.0,11.5,5.9,.479,17.2,26.3,.201
128,119,Illinois,8,7,1,.875,20.44,2.69,,1,0,,5,1,,1,0,,641,499,,71.9,86.8,.237,.290,.428,42.2,37.4,10.1,8.4,.400,11.9,24.4,.153
129,120,Illinois State,9,6,3,.667,-0.70,0.17,,2,0,,4,0,,1,1,,604,592,,67.7,97.2,.283,.385,.513,48.6,51.2,9.7,8.4,.477,16.6,26.2,.208
130,,,Overall,Overall,Overall,Overall,Overall,Overall,,Conf.,Conf.,,Home,Home,,Away,Away,,Points,Points,,Opponent Advanced,Opponent Advanced,Opponent Advanced,Opponent Advanced,Opponent Advanced,Opponent Advanced,Opponent Advanced,Opponent Advanced,Opponent Advanced,Opponent Advanced,Opponent Advanced,Opponent Advanced,Opponent Advanced
131,Rk,School,G,W,L,W-L%,SRS,SOS,,W,L,,W,L,,W,L,,Tm.,Opp.,,Pace,ORtg,FTr,3PAr,TS%,TRB%,AST%,STL%,BLK%,eFG%,TOV%,ORB%,FT/FGA
132,121,Illinois-Chicago,8,5,3,.625,11.35,5.21,,0,1,,2,1,,1,1,,595,501,,70.1,89.3,.330,.340,.461,47.6,42.0,10.9,7.8,.413,15.7,27.3,.240
133,122,Incarnate Word,8,3,5,.375,-13.67,-6.24,,,,,2,0,,1,4,,625,636,,75.5,105.3,.400,.366,.529,49.8,51.9,11.1,12.2,.483,14.1,31.7,.293
134,123,Indiana,8,7,1,.875,6.23,1.36,,2,0,,5,0,,1,0,,593,554,,69.5,99.6,.306,.418,.510,49.4,52.3,9.9,6.1,.475,15.7,30.1,.219
135,124,Indiana State,9,8,1,.889,16.07,3.32,,2,0,,3,0,,2,1,,787,655,,73.1,99.5,.286,.313,.519,50.2,36.9,7.6,11.4,.487,16.6,29.0,.203
136,125,Iona,9,3,6,.333,-1.55,-1.21,,1,1,,1,2,,1,2,,657,660,,69.8,105.1,.427,.416,.566,51.9,52.5,9.6,12.6,.530,19.1,31.8,.301
137,126,Iowa,8,5,3,.625,16.07,5.32,,0,1,,4,0,,0,2,,703,617,,74.2,103.9,.244,.382,.520,49.8,47.4,7.2,6.3,.494,15.0,32.0,.171
138,127,Iowa State,8,6,2,.750,22.23,-1.77,,,,,4,0,,1,0,,663,471,,69.5,84.7,.385,.458,.501,44.1,54.4,8.8,7.1,.453,23.5,23.8,.280
139,128,IUPUI,9,3,6,.333,-19.67,-3.39,,0,2,,2,1,,1,3,,594,693,,68.3,111.2,.374,.337,.579,51.5,51.4,10.0,7.3,.559,16.6,33.1,.246
140,129,Jackson State,8,2,6,.250,-11.22,1.41,,,,,0,0,,2,6,,551,652,,71.9,113.4,.412,.494,.588,51.4,63.1,11.0,10.4,.557,16.2,31.8,.291
141,130,Jacksonville,9,6,3,.667,-13.51,-4.39,,,,,3,0,,2,3,,670,676,,72.2,104.2,.411,.419,.539,47.0,54.9,11.6,7.6,.503,16.3,28.6,.282
142,131,Jacksonville State,9,4,5,.444,-5.49,-7.37,,,,,2,2,,1,3,,625,560,,66.1,92.9,.343,.322,.510,46.5,41.7,9.0,9.1,.476,19.4,26.1,.235
143,132,James Madison,8,8,0,1.000,13.50,1.50,,,,,4,0,,2,0,,763,608,,75.7,95.9,.362,.354,.516,45.8,42.7,7.9,5.7,.476,18.6,28.0,.256
144,133,Kansas,9,8,1,.889,19.84,5.84,,,,,5,0,,0,0,,726,587,,71.1,91.7,.220,.438,.460,46.1,46.7,10.0,6.3,.432,13.9,25.8,.152
145,134,Kansas City,9,3,6,.333,-4.16,6.70,,,,,3,0,,0,3,,645,637,,68.4,102.1,.442,.380,.559,46.2,57.5,9.5,8.5,.523,18.5,27.0,.306
146,135,Kansas State,9,7,2,.778,10.23,2.56,,,,,6,0,,0,0,,734,665,,69.8,100.3,.270,.386,.520,45.9,50.2,10.7,11.3,.485,15.9,29.6,.203
147,136,Kennesaw State,9,6,3,.667,-6.60,-4.45,,,,,4,0,,0,3,,771,693,,78.1,97.2,.380,.371,.500,48.7,48.1,9.4,14.4,.452,17.3,31.4,.276
148,137,Kent State,9,6,3,.667,7.09,0.09,,,,,3,2,,1,0,,760,648,,72.4,96.7,.368,.443,.534,47.5,57.5,10.0,5.6,.507,20.5,29.8,.240
149,138,Kentucky,8,6,2,.750,17.83,-0.67,,,,,6,1,,0,0,,734,586,,74.0,97.5,.278,.437,.514,49.7,54.3,6.8,6.3,.485,17.0,26.8,.195
150,139,La Salle,9,7,2,.778,-3.02,-4.02,,,,,6,0,,0,2,,695,686,,67.5,107.0,.310,.336,.526,51.4,53.8,6.1,7.3,.504,13.3,31.6,.199
151,140,Lafayette,10,1,9,.100,-12.10,1.68,,,,,1,2,,0,5,,617,725,,68.3,106.1,.342,.370,.550,53.7,51.2,10.0,7.4,.510,16.6,32.0,.259
152,,,Overall,Overall,Overall,Overall,Overall,Overall,,Conf.,Conf.,,Home,Home,,Away,Away,,Points,Points,,Opponent Advanced,Opponent Advanced,Opponent Advanced,Opponent Advanced,Opponent Advanced,Opponent Advanced,Opponent Advanced,Opponent Advanced,Opponent Advanced,Opponent Advanced,Opponent Advanced,Opponent Advanced,Opponent Advanced
153,Rk,School,G,W,L,W-L%,SRS,SOS,,W,L,,W,L,,W,L,,Tm.,Opp.,,Pace,ORtg,FTr,3PAr,TS%,TRB%,AST%,STL%,BLK%,eFG%,TOV%,ORB%,FT/FGA
154,141,Lamar,9,4,5,.444,-9.59,-7.46,,,,,2,0,,0,5,,739,708,,74.9,103.7,.458,.413,.548,47.7,61.1,10.7,10.6,.500,17.5,29.6,.336
155,142,Le Moyne,9,3,6,.333,-20.68,-5.68,,,,,2,0,,1,6,,656,664,,72.0,102.5,.222,.432,.543,57.5,57.2,8.8,8.4,.524,19.8,34.8,.154
156,143,Lehigh,8,1,7,.125,-8.93,0.50,,,,,1,2,,0,5,,592,633,,74.9,105.5,.364,.349,.558,51.4,43.9,10.0,6.9,.522,16.5,28.5,.264
157,144,Liberty,9,7,2,.778,11.08,-0.30,,,,,3,0,,0,1,,714,563,,65.2,95.9,.268,.323,.507,45.5,35.5,8.5,8.4,.477,15.4,23.2,.191
158,145,Lindenwood,8,3,5,.375,-15.08,-0.08,,,,,1,1,,0,4,,519,593,,69.8,106.1,.475,.414,.572,51.5,57.4,11.1,8.2,.534,16.0,24.3,.333
159,146,Lipscomb,11,6,5,.545,-0.41,-2.31,,,,,3,0,,1,4,,886,828,,73.6,102.2,.240,.379,.526,52.6,40.6,7.4,9.1,.500,15.8,30.3,.171
160,147,Little Rock,8,4,4,.500,1.05,-0.21,,,,,4,1,,0,2,,653,643,,72.5,107.5,.470,.371,.551,52.8,46.0,5.7,8.0,.507,17.2,36.3,.333
161,148,Long Beach State,10,6,4,.600,-0.15,0.30,,,,,2,0,,3,2,,780,762,,75.3,101.2,.314,.467,.545,48.8,58.7,9.6,7.1,.521,18.6,28.8,.212
162,149,Long Island University,8,1,7,.125,-16.70,0.30,,,,,0,1,,0,6,,500,636,,73.0,108.9,.444,.299,.550,55.0,53.6,12.5,11.7,.505,14.0,31.3,.320
163,150,Longwood,9,8,1,.889,2.09,-10.77,,,,,6,0,,2,1,,736,545,,69.6,84.6,.289,.356,.471,39.4,48.5,7.8,5.5,.440,19.3,21.6,.191
164,151,Louisiana,8,5,3,.625,-1.24,0.42,,,,,3,0,,0,2,,645,580,,70.0,103.6,.372,.281,.545,50.6,44.9,9.8,10.9,.509,18.7,35.2,.265
165,152,Louisiana State,8,5,3,.625,3.97,-1.91,,,,,3,1,,0,1,,596,549,,68.7,98.4,.301,.471,.512,49.3,49.7,11.5,9.7,.470,18.8,34.0,.230
166,153,Louisiana Tech,9,7,2,.778,10.51,5.37,,,,,5,0,,2,2,,678,545,,69.1,87.6,.347,.340,.452,46.3,44.6,9.6,9.9,.407,16.1,27.2,.237
167,154,Louisiana-Monroe,7,4,3,.571,-7.86,4.54,,,,,3,1,,1,2,,512,498,,70.1,101.4,.359,.504,.520,46.3,65.4,11.2,7.8,.472,17.7,33.0,.274
168,155,Louisville,8,4,4,.500,-3.15,-3.90,,0,1,,4,1,,0,1,,603,597,,70.8,103.6,.354,.329,.532,47.5,50.0,9.5,8.1,.495,14.6,29.0,.254
169,156,Loyola (IL),9,5,4,.556,4.53,3.53,,,,,4,1,,0,1,,641,632,,70.5,99.5,.345,.384,.518,49.1,51.9,10.2,11.2,.475,15.0,25.2,.256
170,157,Loyola (MD),9,1,8,.111,-12.80,-3.80,,,,,0,2,,1,5,,598,679,,69.2,106.1,.306,.341,.531,51.9,49.0,12.0,11.3,.506,14.6,31.3,.204
171,158,Loyola Marymount,9,5,4,.556,3.17,-1.58,,,,,4,1,,0,1,,699,620,,70.6,97.6,.356,.292,.502,46.6,45.8,10.1,10.0,.454,14.3,26.0,.267
172,159,Maine,11,7,4,.636,-4.75,-6.95,,,,,2,1,,3,3,,776,702,,67.5,94.5,.323,.330,.505,52.1,52.0,8.6,7.7,.474,18.4,28.9,.216
173,160,Manhattan,8,4,4,.500,-13.34,1.95,,1,1,,2,0,,2,4,,520,615,,71.1,106.6,.211,.351,.542,54.7,58.1,11.8,13.3,.520,15.2,31.9,.151
174,,,Overall,Overall,Overall,Overall,Overall,Overall,,Conf.,Conf.,,Home,Home,,Away,Away,,Points,Points,,Opponent Advanced,Opponent Advanced,Opponent Advanced,Opponent Advanced,Opponent Advanced,Opponent Advanced,Opponent Advanced,Opponent Advanced,Opponent Advanced,Opponent Advanced,Opponent Advanced,Opponent Advanced,Opponent Advanced
175,Rk,School,G,W,L,W-L%,SRS,SOS,,W,L,,W,L,,W,L,,Tm.,Opp.,,Pace,ORtg,FTr,3PAr,TS%,TRB%,AST%,STL%,BLK%,eFG%,TOV%,ORB%,FT/FGA
176,161,Marist,7,5,2,.714,-4.01,-9.44,,2,0,,2,0,,3,2,,477,439,,67.8,92.4,.394,.394,.492,50.3,41.7,10.7,5.7,.453,17.7,26.2,.261
177,162,Marquette,9,7,2,.778,23.05,9.83,,,,,4,0,,1,1,,720,601,,70.2,95.2,.278,.369,.505,52.0,50.9,8.6,9.7,.473,19.1,31.8,.196
178,163,Marshall,8,2,6,.250,-4.54,3.09,,,,,1,2,,0,1,,590,651,,75.7,107.4,.328,.373,.547,49.5,56.4,11.2,8.6,.522,15.2,29.9,.219
179,164,Maryland,9,5,4,.556,3.65,-1.91,,1,1,,5,0,,0,2,,629,579,,68.0,93.4,.323,.261,.501,48.6,46.4,9.7,10.1,.454,19.2,31.4,.248
180,165,Maryland-Baltimore County,10,5,5,.500,-13.14,-9.14,,,,,4,1,,1,4,,806,823,,77.8,105.8,.343,.313,.546,50.5,37.0,11.2,6.0,.512,15.4,28.9,.247
181,166,Maryland-Eastern Shore,8,2,6,.250,-16.68,2.75,,,,,2,1,,0,5,,522,640,,69.4,113.5,.351,.364,.570,54.4,51.8,10.5,5.8,.536,14.9,34.3,.258
182,167,Massachusetts,6,4,2,.667,6.55,-4.79,,,,,4,1,,0,1,,495,427,,71.4,97.7,.478,.383,.513,48.6,59.1,7.1,10.1,.454,18.3,32.4,.351
183,168,Massachusetts-Lowell,8,6,2,.750,2.00,-5.00,,,,,2,0,,4,2,,654,519,,73.0,88.9,.280,.378,.458,43.0,45.7,12.2,7.6,.421,15.1,26.2,.196
184,169,McNeese State,10,8,2,.800,8.42,1.26,,,,,5,0,,2,2,,822,573,,67.5,84.9,.236,.507,.465,45.4,59.9,6.4,8.6,.437,21.1,28.3,.161
185,170,Memphis,8,6,2,.750,9.00,3.50,,,,,2,0,,2,1,,636,592,,72.5,100.5,.275,.415,.507,51.1,46.6,9.2,11.6,.473,16.3,34.5,.202
186,171,Mercer,8,2,6,.250,-11.06,-0.92,,,,,0,2,,1,3,,520,598,,68.0,109.9,.484,.341,.589,53.6,46.2,10.5,7.2,.546,17.8,29.9,.356
187,172,Merrimack,10,4,6,.400,-3.23,0.88,,,,,2,0,,1,5,,696,712,,69.8,100.7,.372,.323,.509,53.6,59.3,10.9,9.7,.467,17.9,37.0,.264
188,173,Miami (FL),8,7,1,.875,15.93,0.81,,1,0,,5,0,,0,1,,677,556,,72.5,95.9,.202,.414,.482,48.3,50.9,9.3,8.9,.460,15.8,30.6,.137
189,174,Miami (OH),8,4,4,.500,-5.15,-1.86,,,,,3,1,,1,3,,566,550,,69.4,99.1,.319,.328,.505,53.1,43.9,9.4,13.4,.470,16.9,33.3,.222
190,175,Michigan,9,4,5,.444,9.75,5.08,,0,1,,2,2,,1,1,,731,689,,70.0,107.8,.258,.334,.542,46.9,43.9,9.5,10.6,.516,14.6,31.4,.186
191,176,Michigan State,8,4,4,.500,16.39,7.02,,0,1,,4,2,,0,0,,581,506,,67.7,92.0,.343,.413,.478,49.7,57.4,9.1,7.6,.432,17.0,30.0,.248
192,177,Middle Tennessee,10,5,5,.500,-1.13,1.65,,,,,4,3,,0,0,,662,661,,65.1,97.9,.267,.315,.526,48.8,43.1,8.6,10.3,.504,16.8,26.7,.177
193,178,Milwaukee,9,3,6,.333,-14.75,-4.03,,0,1,,2,1,,0,4,,665,693,,69.0,111.6,.344,.399,.572,51.1,60.2,9.3,13.9,.543,16.6,34.9,.244
194,179,Minnesota,9,6,3,.667,7.33,-3.00,,1,1,,6,1,,0,1,,708,615,,70.1,97.5,.260,.302,.495,45.0,47.6,13.5,10.1,.459,14.7,29.0,.193
195,180,Mississippi,8,8,0,1.000,4.26,-2.99,,,,,7,0,,1,0,,590,532,,68.2,97.6,.229,.376,.482,50.4,52.0,9.9,6.2,.450,15.2,33.3,.169
196,,,Overall,Overall,Overall,Overall,Overall,Overall,,Conf.,Conf.,,Home,Home,,Away,Away,,Points,Points,,Opponent Advanced,Opponent Advanced,Opponent Advanced,Opponent Advanced,Opponent Advanced,Opponent Advanced,Opponent Advanced,Opponent Advanced,Opponent Advanced,Opponent Advanced,Opponent Advanced,Opponent Advanced,Opponent Advanced
197,Rk,School,G,W,L,W-L%,SRS,SOS,,W,L,,W,L,,W,L,,Tm.,Opp.,,Pace,ORtg,FTr,3PAr,TS%,TRB%,AST%,STL%,BLK%,eFG%,TOV%,ORB%,FT/FGA
198,181,Mississippi State,8,6,2,.750,13.63,2.25,,,,,3,1,,0,1,,573,482,,70.2,85.8,.314,.383,.454,45.2,43.8,12.3,8.8,.415,16.6,24.5,.214
199,182,Mississippi Valley State,9,0,9,.000,-27.40,5.93,,,,,0,0,,0,9,,447,747,,66.1,123.9,.413,.430,.597,58.4,60.6,12.3,7.0,.567,13.2,40.3,.294
200,183,Missouri,9,7,2,.778,5.24,-2.98,,,,,5,2,,2,0,,679,605,,68.7,97.9,.337,.384,.505,52.0,50.7,9.2,8.9,.463,17.6,32.2,.246
201,184,Missouri State,9,6,3,.667,4.32,-0.90,,1,1,,3,0,,0,3,,668,621,,70.6,96.4,.217,.365,.471,45.0,44.9,10.1,9.7,.442,11.1,24.7,.154
202,185,Monmouth,8,4,4,.500,-1.80,0.58,,,,,1,1,,1,3,,583,602,,69.8,107.9,.308,.455,.550,51.6,57.3,9.7,9.8,.525,16.1,32.7,.212
203,186,Montana,8,4,4,.500,1.16,7.66,,,,,4,1,,0,3,,591,558,,68.7,101.5,.386,.377,.523,48.5,45.5,8.9,7.7,.483,13.2,24.0,.271
204,187,Montana State,8,3,5,.375,-3.56,1.44,,,,,2,3,,1,2,,548,546,,67.8,99.1,.304,.304,.534,57.4,48.3,7.4,6.6,.511,19.6,31.7,.199
205,188,Morehead State,9,6,3,.667,-3.33,3.24,,,,,4,0,,2,3,,657,606,,67.1,100.3,.327,.398,.519,42.2,48.1,10.9,7.0,.472,14.8,24.2,.255
206,189,Morgan State,10,2,8,.200,-18.62,6.00,,,,,2,1,,0,5,,681,812,,72.1,112.6,.353,.319,.557,53.9,46.4,12.3,9.2,.532,15.1,36.9,.237
207,190,Mount St. Mary's,8,2,6,.250,-7.98,-8.35,,1,1,,2,1,,0,5,,569,566,,68.4,99.0,.349,.344,.529,48.4,51.3,14.0,8.2,.486,18.8,31.3,.261
208,191,Murray State,7,3,4,.429,-1.70,-0.37,,1,1,,3,1,,0,1,,539,514,,68.0,106.2,.222,.335,.544,48.1,42.4,7.4,9.1,.521,13.7,25.4,.162
209,192,Navy,7,2,5,.286,-5.85,-5.42,,,,,2,1,,0,4,,449,452,,67.6,94.0,.426,.445,.516,49.8,46.1,8.1,14.0,.479,20.8,29.2,.283
210,193,NC State,8,6,2,.750,9.48,-0.77,,1,0,,4,0,,1,1,,642,560,,70.6,97.7,.373,.365,.519,48.9,48.7,7.5,7.7,.487,17.7,28.3,.249
211,194,Nebraska,9,7,2,.778,9.23,-1.66,,0,1,,6,1,,0,1,,696,598,,68.8,96.6,.244,.407,.477,46.4,41.2,9.7,11.9,.442,13.9,28.8,.180
212,195,Nevada,7,7,0,1.000,16.61,-2.25,,,,,6,0,,1,0,,586,454,,71.2,91.2,.278,.448,.473,45.9,56.7,5.6,9.2,.455,15.5,25.0,.160
213,196,Nevada-Las Vegas,6,3,3,.500,0.26,1.42,,,,,2,1,,1,0,,436,443,,66.9,110.5,.209,.333,.584,51.8,57.9,7.0,11.0,.564,17.2,30.2,.157
214,197,New Hampshire,10,6,4,.600,-2.55,-0.78,,,,,4,0,,2,4,,791,730,,75.0,97.3,.309,.366,.500,50.6,48.3,10.0,13.1,.457,14.0,25.8,.232
215,198,New Mexico,9,8,1,.889,18.24,0.24,,,,,5,0,,0,1,,768,606,,74.0,91.0,.351,.357,.493,46.0,50.5,7.4,8.5,.449,18.0,24.6,.252
216,199,New Mexico State,10,4,6,.400,-13.64,5.50,,,,,4,0,,0,4,,718,747,,69.9,104.3,.463,.476,.548,48.2,63.0,10.2,7.7,.510,15.4,24.9,.317
217,200,New Orleans,8,4,4,.500,-15.07,-2.87,,,,,3,0,,1,3,,635,615,,76.8,98.6,.338,.354,.527,54.0,56.4,7.2,9.4,.503,20.1,34.1,.217
218,,,Overall,Overall,Overall,Overall,Overall,Overall,,Conf.,Conf.,,Home,Home,,Away,Away,,Points,Points,,Opponent Advanced,Opponent Advanced,Opponent Advanced,Opponent Advanced,Opponent Advanced,Opponent Advanced,Opponent Advanced,Opponent Advanced,Opponent Advanced,Opponent Advanced,Opponent Advanced,Opponent Advanced,Opponent Advanced
219,Rk,School,G,W,L,W-L%,SRS,SOS,,W,L,,W,L,,W,L,,Tm.,Opp.,,Pace,ORtg,FTr,3PAr,TS%,TRB%,AST%,STL%,BLK%,eFG%,TOV%,ORB%,FT/FGA
220,201,Niagara,7,1,6,.143,-15.19,-4.77,,0,2,,0,4,,1,2,,464,537,,66.5,113.3,.269,.297,.594,56.4,36.7,7.8,7.3,.571,14.7,29.7,.197
221,202,Nicholls State,9,3,6,.333,-4.30,5.95,,,,,1,0,,2,4,,659,711,,69.4,109.2,.339,.405,.532,54.3,51.2,10.4,12.0,.496,13.6,34.5,.243
222,203,NJIT,8,2,6,.250,-17.42,-4.42,,,,,1,2,,1,4,,529,633,,69.5,113.8,.452,.351,.545,55.7,55.9,11.5,12.0,.514,13.4,38.1,.297
223,204,Norfolk State,9,6,3,.667,-3.06,-2.63,,,,,4,0,,1,1,,679,601,,69.7,95.7,.463,.480,.538,48.6,55.2,6.8,9.8,.500,21.8,28.4,.312
224,205,North Alabama,8,4,4,.500,-5.41,-3.26,,,,,4,0,,0,4,,617,599,,71.6,99.8,.436,.339,.522,51.1,51.7,8.8,6.6,.481,16.8,28.8,.299
225,206,North Carolina,9,7,2,.778,17.77,6.33,,1,0,,5,0,,0,0,,766,663,,71.9,101.1,.250,.403,.526,46.6,44.6,7.9,8.0,.496,14.9,25.8,.187
226,207,North Carolina A&T,7,0,7,.000,-20.11,3.61,,,,,0,1,,0,4,,478,644,,72.2,127.5,.300,.322,.631,62.5,55.6,7.9,14.5,.611,12.8,38.0,.219
227,208,North Carolina Central,10,4,6,.400,-9.08,1.42,,,,,2,1,,2,4,,734,702,,69.1,100.3,.322,.406,.530,51.8,59.4,9.4,10.8,.499,18.4,32.7,.225
228,209,North Dakota,9,6,3,.667,-12.90,-7.90,,,,,3,0,,1,3,,665,639,,69.3,100.9,.264,.299,.517,49.5,45.4,8.4,5.6,.485,14.8,27.8,.195
229,210,North Dakota State,9,5,4,.556,-4.05,3.67,,,,,3,0,,2,3,,684,682,,67.4,109.5,.245,.313,.535,48.6,44.8,6.3,12.0,.517,11.6,28.2,.161
230,211,North Florida,10,5,5,.500,-10.57,-5.57,,,,,4,2,,1,3,,785,736,,71.5,102.9,.392,.256,.536,49.9,41.2,10.3,14.9,.484,14.2,26.8,.302
231,212,North Texas,8,5,3,.625,7.27,-1.88,,,,,4,0,,0,1,,559,466,,62.9,91.2,.333,.347,.488,45.7,44.2,10.4,8.1,.449,19.2,28.4,.233
232,213,Northeastern,10,4,6,.400,-3.90,-2.40,,,,,2,1,,1,4,,742,757,,66.6,113.7,.220,.404,.580,48.3,48.2,8.7,11.1,.556,14.6,31.4,.169
233,214,Northern Arizona,9,4,5,.444,-6.77,1.45,,,,,1,0,,2,4,,590,664,,71.5,103.1,.444,.350,.543,53.9,38.8,11.0,7.0,.494,17.1,30.0,.327
234,215,Northern Colorado,8,4,4,.500,-8.28,-2.95,,,,,3,1,,0,2,,596,578,,72.4,98.3,.309,.384,.529,50.7,41.5,11.9,10.5,.497,17.4,25.6,.221
235,216,Northern Illinois,8,5,3,.625,3.76,8.48,,,,,2,1,,2,2,,659,640,,74.7,107.2,.276,.351,.528,50.5,55.1,7.9,3.8,.499,12.7,31.0,.196
236,217,Northern Iowa,9,3,6,.333,1.35,5.60,,0,2,,2,1,,0,3,,681,675,,69.2,105.5,.354,.412,.562,49.1,45.8,8.3,9.8,.513,15.5,22.3,.288
237,218,Northern Kentucky,9,5,4,.556,-2.01,-2.63,,2,0,,4,0,,1,4,,642,620,,69.5,99.0,.285,.375,.533,51.9,54.4,9.4,6.8,.503,19.9,31.1,.205
238,219,Northwestern,7,6,1,.857,12.57,5.72,,1,0,,5,0,,0,0,,516,468,,64.3,102.2,.364,.417,.554,53.0,60.0,5.5,11.3,.521,20.4,32.9,.258
239,220,Northwestern State,8,1,7,.125,-16.24,0.90,,,,,1,1,,0,4,,566,639,,72.4,110.2,.409,.390,.570,54.1,48.2,9.1,13.0,.535,16.8,34.7,.292
240,,,Overall,Overall,Overall,Overall,Overall,Overall,,Conf.,Conf.,,Home,Home,,Away,Away,,Points,Points,,Opponent Advanced,Opponent Advanced,Opponent Advanced,Opponent Advanced,Opponent Advanced,Opponent Advanced,Opponent Advanced,Opponent Advanced,Opponent Advanced,Opponent Advanced,Opponent Advanced,Opponent Advanced,Opponent Advanced
241,Rk,School,G,W,L,W-L%,SRS,SOS,,W,L,,W,L,,W,L,,Tm.,Opp.,,Pace,ORtg,FTr,3PAr,TS%,TRB%,AST%,STL%,BLK%,eFG%,TOV%,ORB%,FT/FGA
242,221,Notre Dame,8,4,4,.500,0.28,1.40,,0,1,,3,1,,0,2,,519,528,,65.8,98.9,.257,.351,.504,48.5,47.7,10.1,10.3,.470,14.0,26.0,.191
243,222,Oakland,10,5,5,.500,5.96,5.86,,1,1,,1,2,,2,2,,724,723,,69.2,104.5,.303,.421,.550,50.4,59.7,8.2,7.5,.517,16.0,28.4,.224
244,223,Ohio,8,5,3,.625,3.29,-1.71,,,,,3,1,,0,1,,639,599,,70.1,103.6,.366,.380,.524,52.3,41.5,6.4,8.4,.477,17.0,35.3,.275
245,224,Ohio State,9,8,1,.889,18.94,3.60,,1,0,,6,1,,0,0,,728,590,,67.0,97.8,.282,.381,.505,45.5,40.5,7.5,6.0,.481,16.7,29.7,.184
246,225,Oklahoma,8,8,0,1.000,19.48,-4.03,,,,,6,0,,0,0,,684,496,,71.3,87.0,.269,.331,.463,43.3,39.8,8.8,10.4,.424,17.5,25.9,.196
247,226,Oklahoma State,8,3,5,.375,6.08,0.45,,,,,3,2,,0,1,,593,548,,67.8,99.5,.334,.332,.527,46.9,44.6,9.1,6.7,.489,15.9,24.5,.243
248,227,Old Dominion,8,3,5,.375,-6.28,0.01,,,,,3,1,,0,4,,556,586,,67.6,106.7,.484,.461,.552,50.7,54.1,7.8,10.2,.507,15.6,28.4,.343
249,228,Omaha,10,5,5,.500,-9.17,0.83,,,,,4,0,,0,4,,740,696,,69.2,100.6,.308,.420,.554,50.0,43.3,9.0,6.6,.516,17.5,22.9,.237
250,229,Oral Roberts,7,3,4,.429,1.00,5.34,,,,,3,0,,0,4,,502,523,,67.7,108.5,.273,.374,.509,56.0,50.3,7.7,10.7,.471,13.0,36.2,.207
251,230,Oregon,7,5,2,.714,11.15,3.72,,,,,3,0,,1,0,,575,523,,70.7,103.8,.350,.367,.542,47.7,43.2,6.0,8.4,.505,15.6,26.2,.254
252,231,Oregon State,8,5,3,.625,1.05,5.63,,,,,5,0,,0,0,,571,567,,67.7,97.1,.362,.407,.492,50.1,55.4,10.4,9.0,.452,16.4,31.9,.248
253,232,Pacific,10,4,6,.400,-18.09,-7.59,,,,,3,3,,1,3,,652,757,,72.3,103.4,.400,.367,.561,54.7,50.4,10.4,11.7,.522,16.6,26.1,.291
254,233,Penn State,9,4,5,.444,4.64,-0.58,,0,1,,4,1,,0,1,,681,634,,70.9,98.0,.339,.326,.526,53.6,44.0,8.3,8.5,.482,19.9,33.8,.258
255,234,Pennsylvania,10,6,4,.600,-0.05,-2.93,,,,,6,1,,0,2,,831,709,,67.3,101.4,.253,.401,.524,44.2,52.3,9.3,9.0,.499,14.6,26.1,.175
256,235,Pepperdine,11,4,7,.364,-0.58,0.92,,,,,4,2,,0,2,,797,800,,70.0,103.9,.400,.277,.572,47.8,48.4,10.8,4.5,.542,16.8,22.4,.277
257,236,Pittsburgh,9,6,3,.667,15.98,-0.80,,0,1,,4,2,,1,0,,743,592,,70.2,93.7,.303,.404,.486,43.0,52.9,7.6,10.2,.447,13.7,20.7,.218
258,237,Portland,9,5,4,.556,-4.59,-0.16,,,,,5,2,,0,2,,711,702,,74.0,105.4,.276,.408,.539,47.3,58.9,9.3,5.9,.516,13.9,26.7,.186
259,238,Portland State,9,7,2,.778,1.76,-0.67,,,,,3,0,,3,1,,663,585,,68.3,95.3,.251,.344,.505,49.9,50.2,6.4,10.7,.489,17.5,27.5,.153
260,239,Prairie View,7,4,3,.571,-1.40,2.10,,,,,1,0,,2,3,,524,522,,76.1,97.9,.488,.314,.525,50.6,43.9,8.4,10.9,.472,18.2,29.2,.349
261,240,Presbyterian,10,6,4,.600,-9.08,-9.74,,,,,2,2,,3,1,,753,705,,71.2,97.8,.365,.386,.520,50.2,44.7,9.3,8.7,.470,16.8,25.8,.280
262,,,Overall,Overall,Overall,Overall,Overall,Overall,,Conf.,Conf.,,Home,Home,,Away,Away,,Points,Points,,Opponent Advanced,Opponent Advanced,Opponent Advanced,Opponent Advanced,Opponent Advanced,Opponent Advanced,Opponent Advanced,Opponent Advanced,Opponent Advanced,Opponent Advanced,Opponent Advanced,Opponent Advanced,Opponent Advanced
263,Rk,School,G,W,L,W-L%,SRS,SOS,,W,L,,W,L,,W,L,,Tm.,Opp.,,Pace,ORtg,FTr,3PAr,TS%,TRB%,AST%,STL%,BLK%,eFG%,TOV%,ORB%,FT/FGA
264,241,Princeton,9,9,0,1.000,12.13,0.79,,,,,3,0,,5,0,,686,584,,64.5,100.7,.261,.343,.522,49.8,49.3,7.4,10.1,.484,16.2,30.2,.205
265,242,Providence,9,7,2,.778,11.70,1.92,,,,,6,0,,0,1,,669,581,,70.3,90.6,.239,.308,.465,47.7,36.5,11.2,8.0,.423,15.8,27.5,.189
266,243,Purdue,9,8,1,.889,28.55,10.88,,1,1,,5,0,,0,1,,764,605,,71.4,92.9,.227,.399,.465,41.9,57.3,11.2,4.7,.440,11.9,24.1,.150
267,244,Purdue Fort Wayne,10,9,1,.900,6.45,-2.80,,2,0,,4,0,,3,1,,866,665,,73.9,90.0,.259,.401,.505,52.2,51.0,6.9,7.3,.480,21.8,28.9,.176
268,245,Queens (NC),10,5,5,.500,-8.10,-1.43,,,,,4,0,,0,5,,793,788,,74.5,105.8,.318,.365,.538,49.1,43.5,8.9,13.2,.499,14.3,29.4,.241
269,246,Quinnipiac,8,6,2,.750,-10.22,-9.22,,1,1,,4,0,,2,2,,651,590,,73.6,98.7,.216,.380,.512,45.6,57.7,9.4,7.6,.492,14.3,24.8,.143
270,247,Radford,10,6,4,.600,-2.07,-1.07,,,,,3,0,,0,4,,754,678,,68.3,99.3,.340,.396,.491,46.5,47.0,8.9,7.8,.449,13.1,29.2,.244
271,248,Rhode Island,9,5,4,.556,-0.26,0.50,,,,,5,1,,0,1,,667,635,,67.1,105.1,.230,.388,.507,45.2,49.8,10.4,13.8,.488,11.2,29.2,.151
272,249,Rice,9,3,6,.333,-5.33,7.17,,,,,3,1,,0,2,,655,711,,72.1,109.6,.276,.364,.560,51.4,51.7,9.1,9.1,.536,14.1,27.7,.196
273,250,Richmond,9,5,4,.556,7.78,-2.88,,,,,4,0,,0,3,,704,608,,68.2,99.0,.262,.391,.502,52.6,47.5,6.8,7.9,.473,14.9,29.4,.182
274,251,Rider,8,1,7,.125,-15.35,-0.21,,0,2,,1,1,,0,6,,556,616,,72.3,106.6,.447,.451,.554,47.5,51.7,11.2,9.4,.512,14.3,26.5,.318
275,252,Robert Morris,9,2,7,.222,-8.25,-0.12,,0,2,,2,2,,0,5,,617,672,,70.5,106.0,.382,.302,.554,52.3,47.2,10.9,7.2,.529,16.2,31.5,.251
276,253,Rutgers,8,5,3,.625,9.05,2.42,,0,1,,5,1,,0,1,,538,485,,68.0,89.2,.273,.390,.466,52.4,44.2,9.4,9.0,.435,20.1,34.9,.182
277,254,Sacramento State,8,2,6,.250,-10.64,0.50,,,,,1,0,,1,4,,605,621,,71.5,108.6,.303,.346,.556,44.1,50.9,11.2,10.1,.533,12.1,23.7,.207
278,255,Sacred Heart,10,4,6,.400,-10.76,-5.54,,,,,2,2,,1,4,,733,736,,73.2,100.5,.299,.418,.524,51.2,57.3,9.7,7.8,.505,17.8,32.6,.187
279,256,Saint Francis (PA),9,4,5,.444,-18.32,-1.04,,,,,2,1,,2,4,,590,644,,67.9,105.4,.339,.380,.543,52.5,57.3,9.5,8.2,.516,17.5,36.0,.229
280,257,Saint Joseph's,9,7,2,.778,8.11,-4.01,,,,,5,1,,1,1,,677,568,,68.4,91.0,.317,.457,.468,48.2,56.3,11.9,13.9,.437,16.5,28.6,.203
281,258,Saint Louis,10,5,5,.500,-3.30,1.92,,,,,4,1,,0,2,,746,757,,71.7,105.6,.294,.398,.548,53.4,50.0,8.1,10.5,.521,16.0,29.2,.206
282,259,Saint Mary's (CA),9,4,5,.444,9.53,8.90,,,,,4,2,,0,0,,629,545,,66.0,91.8,.345,.297,.473,43.1,45.9,9.3,7.7,.437,15.3,25.5,.226
283,260,Saint Peter's,7,3,4,.429,-6.66,-4.23,,2,0,,0,1,,3,3,,431,448,,64.5,99.3,.563,.356,.529,45.6,52.2,12.0,8.6,.475,17.7,29.4,.392
284,,,Overall,Overall,Overall,Overall,Overall,Overall,,Conf.,Conf.,,Home,Home,,Away,Away,,Points,Points,,Opponent Advanced,Opponent Advanced,Opponent Advanced,Opponent Advanced,Opponent Advanced,Opponent Advanced,Opponent Advanced,Opponent Advanced,Opponent Advanced,Opponent Advanced,Opponent Advanced,Opponent Advanced,Opponent Advanced
285,Rk,School,G,W,L,W-L%,SRS,SOS,,W,L,,W,L,,W,L,,Tm.,Opp.,,Pace,ORtg,FTr,3PAr,TS%,TRB%,AST%,STL%,BLK%,eFG%,TOV%,ORB%,FT/FGA
286,261,Sam Houston,9,5,4,.556,-3.64,-4.39,,,,,2,1,,2,3,,677,654,,71.6,98.8,.339,.360,.533,48.9,60.0,9.8,10.5,.509,18.8,27.7,.222
287,262,Samford,9,7,2,.778,2.90,-2.10,,,,,7,0,,0,2,,790,665,,76.4,96.8,.407,.374,.518,47.9,53.8,13.5,12.9,.476,19.7,32.1,.284
288,263,San Diego,10,6,4,.600,-4.28,-3.28,,,,,5,0,,0,3,,721,726,,72.2,100.6,.349,.371,.522,49.9,55.0,10.9,7.9,.493,16.2,28.6,.232
289,264,San Diego State,9,7,2,.778,15.65,8.03,,,,,3,0,,1,2,,698,617,,68.7,97.2,.284,.442,.501,48.4,51.6,8.7,7.6,.465,15.8,28.6,.206
290,265,San Francisco,9,6,3,.667,11.80,2.42,,,,,3,0,,1,2,,698,554,,69.4,88.6,.345,.368,.498,43.4,43.3,10.2,5.4,.462,19.9,23.0,.234
291,266,San Jose State,10,5,5,.500,-0.33,-2.33,,,,,3,0,,0,4,,741,678,,67.6,97.8,.349,.323,.510,49.3,45.9,6.9,7.7,.476,15.5,26.2,.237
292,267,Santa Clara,9,7,2,.778,2.79,-3.21,,,,,5,0,,1,1,,713,628,,70.4,99.1,.267,.384,.507,43.9,50.7,9.6,4.8,.473,14.4,25.1,.196
293,268,Seattle,8,5,3,.625,6.40,-1.23,,1,1,,5,1,,0,2,,574,513,,69.0,92.9,.356,.388,.498,46.0,50.0,10.7,7.7,.457,16.8,25.0,.249
294,269,Seton Hall,8,5,3,.625,8.63,1.01,,,,,5,0,,0,1,,606,545,,68.5,99.5,.316,.434,.528,45.3,54.5,10.9,8.6,.489,17.6,27.0,.236
295,270,Siena,9,2,7,.222,-26.69,-9.24,,1,1,,2,2,,0,3,,511,668,,66.9,111.0,.246,.333,.566,49.4,49.2,15.0,9.4,.552,15.6,32.4,.161
296,271,South Alabama,10,5,5,.500,-6.68,-1.93,,,,,3,2,,2,3,,719,754,,67.1,108.2,.360,.384,.542,54.0,45.8,9.6,11.3,.518,13.9,31.2,.234
297,272,South Carolina,8,7,1,.875,13.17,2.92,,,,,4,0,,0,1,,604,522,,66.7,97.8,.342,.324,.505,48.3,50.0,7.9,11.3,.464,14.8,26.3,.245
298,273,South Carolina State,9,2,7,.222,-17.42,-2.17,,,,,2,0,,0,7,,621,735,,74.1,110.2,.490,.398,.596,49.1,61.1,11.4,10.6,.547,18.6,29.9,.376
299,274,South Carolina Upstate,9,4,5,.444,-11.07,-1.93,,,,,2,0,,2,5,,654,625,,69.7,98.3,.444,.357,.535,53.5,48.3,8.5,10.1,.492,19.3,30.3,.313
300,275,South Dakota,9,6,3,.667,-4.74,-5.07,,,,,4,1,,1,1,,731,623,,72.5,95.4,.249,.379,.485,42.1,49.8,9.8,9.5,.455,14.4,26.4,.174
301,276,South Dakota State,9,4,5,.444,1.89,4.60,,,,,2,2,,1,1,,668,637,,68.8,102.9,.285,.460,.522,48.6,53.2,11.1,11.4,.485,14.9,29.0,.216
302,277,South Florida,6,2,4,.333,-1.29,-2.62,,,,,2,2,,0,2,,411,403,,71.2,94.4,.400,.394,.513,51.0,60.1,8.7,7.6,.476,18.8,27.9,.270
303,278,Southeast Missouri State,9,3,6,.333,-19.86,-0.15,,,,,3,1,,0,4,,603,663,,72.5,101.5,.423,.293,.543,52.1,47.9,10.4,9.8,.514,16.2,26.0,.278
304,279,Southeastern Louisiana,8,2,6,.250,-9.47,6.53,,,,,2,0,,0,4,,583,614,,71.3,107.7,.300,.454,.564,51.4,60.3,10.0,10.5,.534,17.3,33.1,.223
305,280,Southern,8,2,6,.250,-7.28,10.35,,,,,0,0,,2,6,,534,675,,72.5,114.6,.413,.398,.604,58.5,60.3,9.7,11.0,.577,18.6,36.7,.291
306,,,Overall,Overall,Overall,Overall,Overall,Overall,,Conf.,Conf.,,Home,Home,,Away,Away,,Points,Points,,Opponent Advanced,Opponent Advanced,Opponent Advanced,Opponent Advanced,Opponent Advanced,Opponent Advanced,Opponent Advanced,Opponent Advanced,Opponent Advanced,Opponent Advanced,Opponent Advanced,Opponent Advanced,Opponent Advanced
307,Rk,School,G,W,L,W-L%,SRS,SOS,,W,L,,W,L,,W,L,,Tm.,Opp.,,Pace,ORtg,FTr,3PAr,TS%,TRB%,AST%,STL%,BLK%,eFG%,TOV%,ORB%,FT/FGA
308,281,Southern California,8,5,3,.625,12.73,5.10,,,,,3,1,,0,0,,631,570,,71.0,100.4,.227,.394,.504,49.8,56.6,8.8,7.8,.481,15.7,32.7,.155
309,282,Southern Illinois,8,6,2,.750,10.06,-0.23,,0,1,,5,0,,0,1,,626,523,,67.5,96.9,.371,.312,.506,50.1,40.6,8.9,10.2,.468,16.9,30.0,.255
310,283,SIU Edwardsville,10,6,4,.600,-6.84,-2.59,,,,,4,0,,0,4,,705,690,,64.8,106.5,.319,.418,.533,49.9,53.8,8.3,8.3,.502,14.4,32.0,.224
311,284,Southern Indiana,10,2,8,.200,-9.93,1.45,,,,,2,3,,0,5,,661,691,,70.3,98.3,.384,.350,.496,48.2,49.8,11.0,7.2,.446,13.4,26.3,.282
312,285,Southern Methodist,10,6,4,.600,12.43,2.32,,,,,5,2,,0,1,,744,634,,68.4,92.7,.332,.377,.473,46.4,61.3,12.7,12.8,.427,16.7,31.0,.240
313,286,Southern Mississippi,8,4,4,.500,-7.33,-2.50,,,,,2,1,,2,1,,555,531,,68.8,96.4,.358,.445,.520,49.1,56.2,10.3,7.0,.478,19.4,28.2,.261
314,287,Southern Utah,8,2,6,.250,-2.97,4.74,,0,2,,1,1,,0,5,,606,625,,70.8,110.2,.340,.286,.562,51.9,45.3,9.2,10.4,.534,15.0,32.6,.236
315,288,St. Bonaventure,8,6,2,.750,6.58,-2.30,,,,,3,1,,2,0,,597,526,,66.2,99.2,.344,.415,.529,46.5,58.8,6.0,6.3,.491,18.5,28.6,.251
316,289,St. John's (NY),8,6,2,.750,11.89,0.64,,,,,3,1,,1,0,,643,553,,69.3,99.6,.347,.319,.518,43.1,44.3,10.1,7.9,.479,17.4,31.8,.249
317,290,St. Thomas,9,5,4,.556,-5.30,-5.55,,,,,3,0,,1,3,,609,561,,63.1,98.8,.330,.343,.517,49.7,49.5,8.5,7.1,.486,16.1,28.1,.224
318,291,Stanford,8,4,4,.500,3.44,-0.81,,,,,4,1,,0,0,,642,608,,72.2,102.2,.236,.348,.520,51.9,41.0,8.9,6.1,.494,14.6,29.3,.167
319,292,Stephen F. Austin,9,5,4,.556,4.32,1.70,,1,1,,1,2,,2,1,,675,626,,73.3,92.3,.448,.341,.514,46.9,44.8,11.9,8.2,.462,20.9,28.3,.323
320,293,Stetson,9,5,4,.556,-7.56,1.30,,,,,2,0,,1,4,,663,625,,66.9,103.6,.218,.423,.498,49.2,56.8,9.8,8.1,.476,12.2,33.0,.148
321,294,Stonehill,10,1,9,.100,-21.29,-0.19,,,,,1,2,,0,7,,647,858,,71.5,120.0,.252,.475,.611,57.5,61.8,9.9,17.5,.584,15.0,33.2,.201
322,295,Stony Brook,8,3,5,.375,-8.96,-2.81,,,,,3,1,,0,4,,557,559,,68.3,102.4,.198,.395,.510,50.7,52.6,9.0,8.4,.490,14.8,31.5,.136
323,296,Syracuse,9,6,3,.667,8.33,7.95,,0,1,,5,0,,0,1,,692,640,,73.2,97.1,.243,.384,.506,50.8,54.2,9.1,6.0,.484,17.9,32.1,.160
324,297,Tarleton State,9,7,2,.778,-2.47,-1.61,,2,0,,3,0,,2,2,,650,579,,68.1,94.5,.384,.393,.525,46.6,56.2,10.8,9.5,.501,21.2,30.3,.240
325,298,TCU,7,7,0,1.000,13.28,-12.29,,,,,6,0,,1,0,,642,463,,75.7,87.4,.306,.298,.494,43.5,53.5,8.9,6.3,.473,21.6,26.5,.186
326,299,Temple,8,5,3,.625,1.00,-2.00,,,,,3,2,,2,0,,631,580,,70.4,98.3,.310,.373,.516,48.7,54.7,8.5,8.9,.473,16.6,27.7,.237
327,300,Tennessee,8,5,3,.625,21.53,10.78,,,,,3,0,,1,1,,621,535,,71.7,93.4,.408,.379,.491,47.9,52.5,7.3,6.9,.457,16.6,25.5,.259
328,,,Overall,Overall,Overall,Overall,Overall,Overall,,Conf.,Conf.,,Home,Home,,Away,Away,,Points,Points,,Opponent Advanced,Opponent Advanced,Opponent Advanced,Opponent Advanced,Opponent Advanced,Opponent Advanced,Opponent Advanced,Opponent Advanced,Opponent Advanced,Opponent Advanced,Opponent Advanced,Opponent Advanced,Opponent Advanced
329,Rk,School,G,W,L,W-L%,SRS,SOS,,W,L,,W,L,,W,L,,Tm.,Opp.,,Pace,ORtg,FTr,3PAr,TS%,TRB%,AST%,STL%,BLK%,eFG%,TOV%,ORB%,FT/FGA
330,301,Tennessee State,9,6,3,.667,-7.49,-7.49,,,,,4,0,,1,2,,690,633,,71.2,97.4,.351,.355,.526,49.8,47.0,9.1,10.1,.487,19.7,31.2,.252
331,302,Tennessee Tech,9,3,6,.333,-13.74,-0.17,,,,,2,2,,1,4,,647,704,,69.3,111.4,.233,.396,.568,52.8,52.7,8.7,9.9,.545,11.6,23.1,.172
332,303,Tennessee-Martin,9,5,4,.556,-7.00,-1.86,,,,,3,0,,2,3,,760,750,,77.8,104.2,.229,.403,.516,47.8,49.5,10.8,9.6,.489,11.7,25.3,.168
333,304,Texas,8,6,2,.750,11.08,0.21,,,,,5,0,,0,1,,634,547,,70.1,97.7,.335,.313,.506,47.6,48.4,10.2,8.2,.461,16.1,28.6,.251
334,305,Texas A&M,9,7,2,.778,18.75,9.63,,,,,3,0,,2,1,,691,609,,65.0,104.1,.309,.446,.533,42.0,55.5,7.9,12.0,.501,14.9,27.9,.221
335,306,Texas A&M-Commerce,10,4,6,.400,-11.14,6.36,,,,,3,1,,1,5,,692,730,,70.5,103.5,.316,.374,.547,54.3,44.2,7.5,8.2,.511,17.0,30.7,.236
336,307,Texas A&M-Corpus Christi,8,3,5,.375,-11.23,0.27,,,,,2,1,,1,3,,611,556,,74.5,93.3,.519,.411,.534,43.6,58.8,9.9,9.3,.484,20.2,20.5,.361
337,308,Texas Southern,7,0,7,.000,-5.78,15.50,,,,,0,0,,0,7,,391,540,,68.3,113.0,.416,.399,.558,54.7,58.6,10.0,12.6,.520,12.5,31.7,.297
338,309,Texas State,8,3,5,.375,-4.02,2.73,,,,,1,0,,2,3,,513,567,,68.2,103.8,.465,.353,.535,48.3,51.6,10.1,11.0,.485,15.6,29.9,.336
339,310,Texas Tech,8,6,2,.750,9.80,0.68,,,,,4,0,,0,1,,598,525,,67.5,95.8,.258,.410,.502,47.3,45.6,8.6,11.8,.476,16.7,28.0,.174
340,311,Texas-Rio Grande Valley,10,3,7,.300,-12.62,2.88,,0,2,,2,1,,1,4,,737,791,,75.9,104.2,.352,.339,.563,54.0,57.3,10.1,12.2,.522,19.2,32.0,.271
341,312,The Citadel,10,6,4,.600,-4.88,-7.63,,,,,3,1,,1,3,,712,644,,66.5,96.8,.221,.346,.507,44.9,50.2,8.7,11.4,.475,14.0,20.5,.170
342,313,Toledo,8,4,4,.500,8.20,5.70,,,,,2,1,,2,0,,634,614,,71.4,107.5,.261,.328,.590,52.0,47.0,9.5,7.1,.564,19.9,32.9,.199
343,314,Towson,9,4,5,.444,-2.28,2.06,,,,,3,0,,1,1,,538,577,,61.1,104.9,.293,.358,.533,43.7,52.6,11.8,10.3,.504,14.5,27.9,.206
344,315,Troy,8,4,4,.500,-4.05,-6.39,,,,,4,1,,0,3,,678,554,,73.1,90.5,.403,.329,.494,44.0,43.9,12.4,11.1,.449,19.0,28.4,.278
345,316,Tulane,7,6,1,.857,9.17,-3.83,,,,,4,0,,1,0,,619,528,,76.2,99.1,.269,.422,.520,53.8,47.1,8.8,5.1,.490,18.7,33.1,.193
346,317,Tulsa,7,5,2,.714,2.27,-7.87,,,,,5,0,,0,2,,557,486,,74.2,91.9,.334,.380,.480,47.2,52.3,9.8,9.8,.453,17.2,29.1,.206
347,318,UAB,8,4,4,.500,0.20,1.95,,,,,2,3,,1,0,,585,599,,68.9,107.0,.341,.373,.543,48.0,50.2,11.1,11.6,.515,14.6,29.9,.232
348,319,UC Davis,7,3,4,.429,-3.91,0.59,,,,,2,1,,0,3,,488,480,,70.1,97.8,.446,.325,.559,49.2,45.3,10.2,7.9,.513,23.0,30.0,.331
349,320,UC Irvine,9,6,3,.667,8.11,2.86,,,,,2,0,,1,3,,703,601,,70.4,94.8,.325,.300,.501,45.7,49.8,7.6,7.9,.461,16.2,26.4,.235
350,,,Overall,Overall,Overall,Overall,Overall,Overall,,Conf.,Conf.,,Home,Home,,Away,Away,,Points,Points,,Opponent Advanced,Opponent Advanced,Opponent Advanced,Opponent Advanced,Opponent Advanced,Opponent Advanced,Opponent Advanced,Opponent Advanced,Opponent Advanced,Opponent Advanced,Opponent Advanced,Opponent Advanced,Opponent Advanced
351,Rk,School,G,W,L,W-L%,SRS,SOS,,W,L,,W,L,,W,L,,Tm.,Opp.,,Pace,ORtg,FTr,3PAr,TS%,TRB%,AST%,STL%,BLK%,eFG%,TOV%,ORB%,FT/FGA
352,321,UC Riverside,10,4,6,.400,-7.78,3.72,,,,,3,0,,0,6,,679,718,,67.8,105.9,.287,.343,.553,48.7,59.3,7.2,9.9,.518,15.1,26.3,.221
353,322,UC San Diego,9,5,4,.556,1.78,3.35,,,,,5,1,,0,2,,706,627,,69.2,99.4,.224,.392,.492,51.9,47.4,6.5,9.1,.462,14.7,33.2,.165
354,323,UC Santa Barbara,7,4,3,.571,-3.01,-2.51,,,,,3,1,,1,2,,539,530,,71.9,105.2,.235,.353,.529,44.4,44.1,12.3,6.5,.507,11.6,23.8,.162
355,324,UCLA,7,5,2,.714,8.37,-2.29,,,,,4,0,,0,0,,497,405,,66.1,87.5,.341,.507,.483,43.5,52.2,7.8,4.9,.449,18.6,23.1,.224
356,325,UNC Asheville,9,5,4,.556,-7.31,-0.14,,,,,3,1,,0,2,,781,660,,74.3,96.1,.297,.366,.511,49.3,46.0,7.1,8.5,.477,18.7,32.0,.212
357,326,UNC Greensboro,7,6,1,.857,6.54,-0.46,,,,,2,0,,1,1,,552,478,,68.0,100.4,.369,.509,.517,49.3,58.1,5.7,10.0,.472,15.2,27.1,.272
358,327,UNC Wilmington,8,6,2,.750,1.35,0.69,,,,,2,0,,3,1,,660,581,,70.7,101.0,.335,.350,.538,50.8,50.9,6.8,7.0,.513,16.5,27.3,.221
359,328,UT Arlington,9,5,4,.556,2.23,6.37,,1,1,,5,1,,0,3,,683,644,,71.6,100.0,.348,.328,.509,44.0,57.0,10.4,10.9,.470,13.6,25.7,.247
360,329,Utah,8,6,2,.750,14.53,5.28,,,,,3,0,,1,0,,653,579,,71.0,101.9,.226,.438,.527,45.4,54.0,8.6,6.1,.512,13.7,24.3,.143
361,330,Utah State,9,8,1,.889,13.76,1.13,,,,,4,0,,1,1,,755,601,,70.2,93.9,.284,.371,.501,43.4,42.9,8.8,5.3,.466,16.2,22.9,.206
362,331,Utah Tech,8,5,3,.625,-4.12,0.31,,2,0,,1,0,,4,3,,562,581,,71.6,99.8,.406,.381,.518,50.0,48.2,10.7,10.3,.482,16.8,29.9,.272
363,332,Utah Valley,9,6,3,.667,-1.26,0.45,,1,1,,4,0,,1,2,,621,590,,69.5,93.1,.346,.344,.492,50.4,52.4,8.8,7.5,.455,16.6,25.3,.235
364,333,UTEP,9,6,3,.667,-3.34,-2.68,,,,,5,1,,0,1,,737,613,,75.1,90.7,.415,.353,.508,47.1,45.9,9.8,8.1,.460,21.6,28.7,.296
365,334,UTSA,8,4,4,.500,-12.27,-8.02,,,,,3,1,,1,3,,625,659,,73.4,110.4,.387,.359,.523,50.8,52.0,8.9,14.7,.489,11.1,33.2,.261
366,335,Valparaiso,9,4,5,.444,-8.53,-3.53,,0,2,,4,2,,0,3,,628,629,,71.5,97.7,.268,.341,.501,52.7,50.0,9.6,7.5,.478,16.9,31.9,.174
367,336,Vanderbilt,9,4,5,.444,-4.32,-1.66,,,,,4,3,,0,0,,630,654,,67.7,107.4,.262,.351,.552,48.4,47.9,8.5,8.7,.521,13.9,25.2,.199
368,337,Vermont,10,8,2,.800,2.94,-0.31,,,,,5,0,,1,1,,750,624,,64.1,97.3,.256,.335,.491,46.8,41.6,8.0,6.5,.460,12.5,24.5,.180
369,338,Villanova,10,6,4,.600,11.23,2.83,,,,,3,1,,0,2,,740,656,,65.0,98.4,.296,.451,.523,46.0,56.3,8.5,14.8,.498,16.3,23.4,.196
370,339,Virginia,9,8,1,.889,17.97,3.19,,1,0,,6,0,,0,0,,612,479,,61.9,86.0,.272,.379,.436,51.8,54.4,8.4,6.8,.397,18.8,33.3,.191
371,340,Virginia Commonwealth,9,4,5,.444,8.78,6.33,,,,,3,3,,0,0,,624,602,,66.4,99.3,.402,.331,.498,47.9,41.7,12.4,6.7,.451,14.2,29.1,.286
372,,,Overall,Overall,Overall,Overall,Overall,Overall,,Conf.,Conf.,,Home,Home,,Away,Away,,Points,Points,,Opponent Advanced,Opponent Advanced,Opponent Advanced,Opponent Advanced,Opponent Advanced,Opponent Advanced,Opponent Advanced,Opponent Advanced,Opponent Advanced,Opponent Advanced,Opponent Advanced,Opponent Advanced,Opponent Advanced
373,Rk,School,G,W,L,W-L%,SRS,SOS,,W,L,,W,L,,W,L,,Tm.,Opp.,,Pace,ORtg,FTr,3PAr,TS%,TRB%,AST%,STL%,BLK%,eFG%,TOV%,ORB%,FT/FGA
374,341,VMI,9,2,7,.222,-11.55,-0.84,,,,,2,1,,0,4,,648,652,,73.5,98.5,.365,.433,.500,46.6,50.2,10.7,7.3,.466,14.3,26.9,.241
375,342,Virginia Tech,9,6,3,.667,10.88,4.99,,1,0,,4,0,,0,1,,670,617,,69.0,99.4,.329,.373,.532,49.3,48.2,8.7,10.8,.497,17.8,27.9,.235
376,343,Wagner,8,4,4,.500,-12.26,-3.97,,,,,2,0,,2,4,,489,512,,64.3,98.1,.330,.382,.518,52.3,59.4,7.1,11.1,.495,18.1,29.9,.208
377,344,Wake Forest,8,5,3,.625,9.92,2.17,,,,,4,0,,0,1,,628,566,,68.9,101.1,.292,.331,.511,50.1,40.0,9.5,10.0,.477,14.5,30.3,.210
378,345,Washington,8,5,3,.625,17.18,7.05,,,,,4,1,,0,0,,662,581,,72.4,98.8,.366,.370,.492,47.9,50.5,8.8,6.6,.450,14.6,32.3,.254
379,346,Washington State,8,7,1,.875,17.27,-1.35,,,,,6,0,,0,0,,641,492,,67.9,90.4,.362,.371,.469,43.6,43.8,7.4,5.2,.411,15.6,25.2,.277
380,347,Weber State,7,4,3,.571,0.41,1.41,,,,,2,0,,1,1,,509,418,,66.0,88.9,.221,.377,.485,50.1,53.7,6.8,12.7,.473,17.4,24.2,.126
381,348,West Virginia,8,3,5,.375,3.59,6.09,,,,,3,3,,0,0,,512,532,,65.4,101.7,.188,.438,.499,47.2,52.8,9.4,11.9,.482,11.0,26.3,.125
382,349,Western Carolina,8,6,2,.750,-0.94,-1.66,,,,,3,0,,3,2,,617,571,,69.6,102.5,.389,.284,.518,46.3,31.9,6.5,7.7,.488,11.8,22.9,.252
383,350,Western Illinois,10,4,6,.400,-11.85,2.73,,,,,4,1,,0,5,,710,703,,70.0,97.9,.252,.315,.489,45.5,47.7,10.6,8.4,.465,13.1,26.3,.165
384,351,Western Kentucky,9,6,3,.667,-3.38,-2.38,,,,,4,0,,1,1,,728,664,,77.9,94.7,.377,.402,.506,48.4,51.3,7.7,10.4,.463,18.4,28.5,.266
385,352,Western Michigan,8,2,6,.250,-7.37,0.13,,,,,0,3,,0,3,,517,577,,65.3,108.7,.325,.449,.545,50.5,50.7,11.5,8.2,.519,15.6,33.6,.220
386,353,Wichita State,9,7,2,.778,7.30,0.68,,,,,5,0,,1,1,,714,631,,72.4,96.8,.217,.423,.471,43.3,51.7,10.1,9.7,.442,10.4,23.8,.155
387,354,William & Mary,10,4,6,.400,-9.93,-4.82,,,,,4,0,,0,4,,773,764,,68.9,109.6,.322,.418,.574,48.2,44.1,8.3,11.8,.535,13.9,22.7,.255
388,355,Winthrop,10,7,3,.700,-1.01,-5.39,,,,,6,1,,1,2,,804,674,,68.9,97.8,.310,.462,.514,47.3,51.7,10.0,12.0,.468,17.2,30.4,.243
389,356,Wisconsin,9,7,2,.778,19.01,8.57,,1,0,,4,1,,1,1,,662,568,,64.6,97.8,.347,.392,.543,44.1,43.2,6.9,8.8,.509,18.8,23.2,.247
390,357,Wofford,9,4,5,.444,-1.56,2.94,,,,,2,0,,2,2,,703,722,,71.8,108.7,.424,.413,.551,47.6,51.1,10.7,10.1,.505,11.7,24.2,.316
391,358,Wright State,8,3,5,.375,3.91,3.41,,1,0,,1,1,,0,3,,651,647,,71.1,113.7,.358,.385,.592,46.9,53.9,9.7,6.0,.561,14.1,25.7,.263
392,359,Wyoming,8,5,3,.625,-3.69,-1.02,,,,,3,0,,0,2,,611,558,,71.3,97.7,.237,.386,.517,48.6,42.2,13.8,9.8,.478,18.8,31.9,.194
393,360,Xavier,9,4,5,.444,12.82,7.38,,,,,3,3,,0,1,,680,631,,72.8,96.3,.308,.322,.485,48.4,59.1,10.2,10.2,.445,14.5,28.8,.222
394,,,Overall,Overall,Overall,Overall,Overall,Overall,,Conf.,Conf.,,Home,Home,,Away,Away,,Points,Points,,Opponent Advanced,Opponent Advanced,Opponent Advanced,Opponent Advanced,Opponent Advanced,Opponent Advanced,Opponent Advanced,Opponent Advanced,Opponent Advanced,Opponent Advanced,Opponent Advanced,Opponent Advanced,Opponent Advanced
395,Rk,School,G,W,L,W-L%,SRS,SOS,,W,L,,W,L,,W,L,,Tm.,Opp.,,Pace,ORtg,FTr,3PAr,TS%,TRB%,AST%,STL%,BLK%,eFG%,TOV%,ORB%,FT/FGA
396,361,Yale,10,5,5,.500,0.04,0.49,,,,,2,1,,1,3,,747,702,,67.3,101.9,.253,.382,.518,49.4,50.8,7.3,6.5,.484,13.9,26.3,.192
397,362,Youngstown State,9,6,3,.667,1.68,1.11,,2,0,,4,0,,2,3,,689,635,,70.9,99.5,.276,.382,.510,45.9,54.7,7.2,10.4,.486,14.2,26.2,.182
